1;2023-06-30 17:10:53.000000;2023-06-30 17:10:53.000000;30;17;;Italy;P;Meret;Napoli
2;2023-06-30 17:10:53.000001;2023-06-30 17:10:53.000001;19;17;;Italy;P;Provedel;Lazio
3;2023-06-30 17:10:53.000002;2023-06-30 17:10:53.000002;31;16;;France;P;Maignan;Milan
4;2023-06-30 17:10:53.000003;2023-06-30 17:10:53.000003;29;15;;Italy;P;Vicario;Empoli
5;2023-06-30 17:10:53.000004;2023-06-30 17:10:53.000004;25;14;;Poland;P;Szczesny;Juventus
6;2023-06-30 17:10:53.000005;2023-06-30 17:10:53.000005;38;13;;Poland;P;Skorupski;Bologna
7;2023-06-30 17:10:53.000006;2023-06-30 17:10:53.000006;33;13;;Italy;P;Falcone;Lecce
8;2023-06-30 17:10:53.000007;2023-06-30 17:10:53.000007;18;13;;Italy;P;Silvestri;Udinese
9;2023-06-30 17:10:53.000008;2023-06-30 17:10:53.000008;35;13;;Portugal;P;Rui Patricio;Roma
10;2023-06-30 17:10:53.000009;2023-06-30 17:10:53.000009;26;13;;Italy;P;Di Gregorio;Monza
11;2023-06-30 17:10:53.000010;2023-06-30 17:10:53.000010;26;12;;Serbia;P;Milinkovic-Savic V.;Torino
12;2023-06-30 17:10:53.000011;2023-06-30 17:10:53.000011;30;12;;Camerun;P;Onana;Inter
13;2023-06-30 17:10:53.000012;2023-06-30 17:10:53.000012;30;10;;Italy;P;Sportiello;Atalanta
14;2023-06-30 17:10:53.000013;2023-06-30 17:10:53.000013;24;10;;Poland;P;Dragowski;Spezia
15;2023-06-30 17:10:53.000014;2023-06-30 17:10:53.000014;37;10;;Italy;P;Terracciano;Fiorentina
16;2023-06-30 17:10:53.000015;2023-06-30 17:10:53.000015;21;10;;Italy;P;Carnesecchi;Cremonese
17;2023-06-30 17:10:53.000016;2023-06-30 17:10:53.000016;28;10;;Italy;P;Montipo';Verona
18;2023-06-30 17:10:53.000017;2023-06-30 17:10:53.000017;33;10;;Mexico;P;Ochoa;Salernitana
19;2023-06-30 17:10:53.000018;2023-06-30 17:10:53.000018;19;9;;Italy;P;Perin;Juventus
20;2023-06-30 17:10:53.000019;2023-06-30 17:10:53.000019;28;9;;Italy;P;Cerofolini;Fiorentina
21;2023-06-30 17:10:53.000020;2023-06-30 17:10:53.000020;32;9;;Argentina;P;Musso;Atalanta
22;2023-06-30 17:10:53.000021;2023-06-30 17:10:53.000021;28;8;;Italy;P;Sepe;Salernitana
23;2023-06-30 17:10:53.000022;2023-06-30 17:10:53.000022;26;8;;Slovenia;P;Handanovic;Inter
24;2023-06-30 17:10:53.000023;2023-06-30 17:10:53.000023;38;7;;Italy;P;Consigli;Sassuolo
25;2023-06-30 17:10:53.000024;2023-06-30 17:10:53.000024;29;7;;Italy;P;Audero;Sampdoria
26;2023-06-30 17:10:53.000025;2023-06-30 17:10:53.000025;26;6;;Italy;P;Gollini;Napoli
27;2023-06-30 17:10:53.000026;2023-06-30 17:10:53.000026;35;6;;Italy;P;Perisan;Empoli
28;2023-06-30 17:10:53.000027;2023-06-30 17:10:53.000027;29;5;;Romania;P;Tatarusanu;Milan
29;2023-06-30 17:10:53.000028;2023-06-30 17:10:53.000028;38;4;;Italy;P;Cordaz;Inter
30;2023-06-30 17:10:53.000029;2023-06-30 17:10:53.000029;32;4;;Netherlands;P;Zoet;Spezia
31;2023-06-30 17:10:53.000030;2023-06-30 17:10:53.000030;32;4;;Serbia;P;Svilar;Roma
32;2023-06-30 17:10:53.000031;2023-06-30 17:10:53.000031;28;2;;Senegal;P;Sarr M.;Cremonese
33;2023-06-30 17:10:53.000032;2023-06-30 17:10:53.000032;33;2;;Italy;P;Pegolo;Sassuolo
34;2023-06-30 17:10:53.000033;2023-06-30 17:10:53.000033;27;2;;Italy;P;Ravaglia;Sampdoria
35;2023-06-30 17:10:53.000034;2023-06-30 17:10:53.000034;27;2;;Slovenia;P;Turk;Sampdoria
36;2023-06-30 17:10:53.000035;2023-06-30 17:10:53.000035;35;1;;Italy;P;Mirante;Milan
37;2023-06-30 17:10:53.000036;2023-06-30 17:10:53.000036;28;1;;Italy;P;Lamanna;Monza
38;2023-06-30 17:10:53.000037;2023-06-30 17:10:53.000037;35;1;;Albania;P;Ujkani;Empoli
39;2023-06-30 17:10:53.000038;2023-06-30 17:10:53.000038;30;1;;Albania;P;Berisha;Torino
40;2023-06-30 17:10:53.000039;2023-06-30 17:10:53.000039;25;1;;Italy;P;Marchetti;Spezia
41;2023-06-30 17:10:53.000040;2023-06-30 17:10:53.000040;20;1;;Italy;P;Perilli;Verona
42;2023-06-30 17:10:53.000041;2023-06-30 17:10:53.000041;20;1;;Italy;P;Padelli;Udinese
43;2023-06-30 17:10:53.000042;2023-06-30 17:10:53.000042;23;1;;Italy;P;Bardi;Bologna
44;2023-06-30 17:10:53.000043;2023-06-30 17:10:53.000043;29;1;;Italy;P;Pinsoglio;Juventus
45;2023-06-30 17:10:53.000044;2023-06-30 17:10:53.000044;34;1;;Italy;P;Fiorillo;Salernitana
46;2023-06-30 17:10:53.000045;2023-06-30 17:10:53.000045;18;1;;Italy;P;Cragno;Monza
47;2023-06-30 17:10:53.000046;2023-06-30 17:10:53.000046;19;1;;Italy;P;Sirigu;Fiorentina
48;2023-06-30 17:10:53.000047;2023-06-30 17:10:53.000047;27;1;;Italy;P;Rossi F.;Atalanta
49;2023-06-30 17:10:53.000048;2023-06-30 17:10:53.000048;20;1;;Italy;P;Ravaglia F.;Bologna
50;2023-06-30 17:10:53.000049;2023-06-30 17:10:53.000049;27;1;;Italy;P;Brancolini;Lecce
51;2023-06-30 17:10:53.000050;2023-06-30 17:10:53.000050;36;1;;Italy;P;Bleve;Lecce
52;2023-06-30 17:10:53.000051;2023-06-30 17:10:53.000051;27;1;;Italy;P;Berardi A.;Verona
53;2023-06-30 17:10:53.000052;2023-06-30 17:10:53.000052;19;1;;Italy;P;Russo A.;Sassuolo
54;2023-06-30 17:10:53.000053;2023-06-30 17:10:53.000053;25;1;;Italy;P;Gemello;Torino
55;2023-06-30 17:10:53.000054;2023-06-30 17:10:53.000054;23;1;;Italy;P;Boer;Roma
56;2023-06-30 17:10:53.000055;2023-06-30 17:10:53.000055;25;1;;Lituania;P;Adamonis;Lazio
57;2023-06-30 17:10:53.000056;2023-06-30 17:10:53.000056;38;1;;Italy;P;Marfella;Napoli
58;2023-06-30 17:10:53.000057;2023-06-30 17:10:53.000057;34;1;;Bosnia;P;Zovko;Spezia
59;2023-06-30 17:10:53.000058;2023-06-30 17:10:53.000058;36;1;;Italy;P;Piana;Udinese
60;2023-06-30 17:10:53.000059;2023-06-30 17:10:53.000059;20;1;;Italy;P;Bagnolini;Bologna
61;2023-06-30 17:10:53.000060;2023-06-30 17:10:53.000060;37;1;;Spain;P;Luis Maximiano;Lazio
62;2023-06-30 17:10:53.000061;2023-06-30 17:10:53.000061;28;1;;Italy;P;Sorrentino A.;Monza
63;2023-06-30 17:10:53.000062;2023-06-30 17:10:53.000062;26;1;;Poland;P;Ciezkowski;Cremonese
64;2023-06-30 17:10:53.000063;2023-06-30 17:10:53.000063;19;1;;Italy;P;Saro;Cremonese
65;2023-06-30 17:10:53.000064;2023-06-30 17:10:53.000064;33;1;;Colombia;P;Vasquez D.;Milan
66;2023-06-30 17:10:53.000065;2023-06-30 17:10:53.000065;35;1;;Italy;P;Martinelli T.;Fiorentina
67;2023-06-30 17:10:53.000066;2023-06-30 17:10:53.000066;36;19;;Brazil;D;Carlos Augusto;Monza
68;2023-06-30 17:10:53.000067;2023-06-30 17:10:53.000067;26;18;;Italy;D;Dimarco;Inter
69;2023-06-30 17:10:53.000068;2023-06-30 17:10:53.000068;18;18;;Austria;D;Posch;Bologna
70;2023-06-30 17:10:53.000069;2023-06-30 17:10:53.000069;35;17;;Italy;D;Di Lorenzo;Napoli
71;2023-06-30 17:10:53.000070;2023-06-30 17:10:53.000070;38;16;;Italy;D;Zappacosta;Atalanta
72;2023-06-30 17:10:53.000071;2023-06-30 17:10:53.000071;36;16;;Brazil;D;Danilo;Juventus
73;2023-06-30 17:10:53.000072;2023-06-30 17:10:53.000072;20;16;;England;D;Smalling;Roma
74;2023-06-30 17:10:53.000073;2023-06-30 17:10:53.000073;29;15;;South Korea;D;Kim;Napoli
75;2023-06-30 17:10:53.000074;2023-06-30 17:10:53.000074;36;14;;Italy;D;Romagnoli;Lazio
76;2023-06-30 17:10:53.000075;2023-06-30 17:10:53.000075;26;14;;France;D;Hernandez T.;Milan
77;2023-06-30 17:10:53.000076;2023-06-30 17:10:53.000076;20;14;;Italy;D;Udogie;Udinese
78;2023-06-30 17:10:53.000077;2023-06-30 17:10:53.000077;26;14;;Italy;D;Ebuehi;Empoli
79;2023-06-30 17:10:53.000078;2023-06-30 17:10:53.000078;24;14;;Italy;D;Mazzocchi;Salernitana
80;2023-06-30 17:10:53.000079;2023-06-30 17:10:53.000079;19;14;;Italy;D;Valeri;Cremonese
81;2023-06-30 17:10:53.000080;2023-06-30 17:10:53.000080;38;13;;Kosovo;D;Rrahmani;Napoli
82;2023-06-30 17:10:53.000081;2023-06-30 17:10:53.000081;26;13;;Italy;D;Zanoli;Sampdoria
83;2023-06-30 17:10:53.000082;2023-06-30 17:10:53.000082;34;13;;Scotland;D;Doig;Verona
84;2023-06-30 17:10:53.000083;2023-06-30 17:10:53.000083;29;12;;Germany;D;Gosens;Inter
85;2023-06-30 17:10:53.000084;2023-06-30 17:10:53.000084;21;12;;Italy;D;Buongiorno;Torino
86;2023-06-30 17:10:53.000085;2023-06-30 17:10:53.000085;25;12;;Brazil;D;Bremer;Juventus
87;2023-06-30 17:10:53.000086;2023-06-30 17:10:53.000086;21;12;;Italy;D;Baschirotto;Lecce
88;2023-06-30 17:10:53.000087;2023-06-30 17:10:53.000087;33;12;;Netherlands;D;Schuurs;Torino
89;2023-06-30 17:10:53.000088;2023-06-30 17:10:53.000088;38;11;;Italy;D;Spinazzola;Roma
90;2023-06-30 17:10:53.000089;2023-06-30 17:10:53.000089;34;11;;Italy;D;Mancini;Roma
91;2023-06-30 17:10:53.000090;2023-06-30 17:10:53.000090;25;11;;England;D;Tomori;Milan
92;2023-06-30 17:10:53.000091;2023-06-30 17:10:53.000091;25;11;;Italy;D;Parisi;Empoli
93;2023-06-30 17:10:53.000092;2023-06-30 17:10:53.000092;28;11;;Uruguay;D;Olivera;Napoli
94;2023-06-30 17:10:53.000093;2023-06-30 17:10:53.000093;21;10;;Albania;D;Hysaj;Lazio
95;2023-06-30 17:10:53.000094;2023-06-30 17:10:53.000094;29;10;;Italy;D;Biraghi;Fiorentina
96;2023-06-30 17:10:53.000095;2023-06-30 17:10:53.000095;19;10;;Italy;D;Luperto;Empoli
97;2023-06-30 17:10:53.000096;2023-06-30 17:10:53.000096;30;10;;Italy;D;Toloi;Atalanta
98;2023-06-30 17:10:53.000097;2023-06-30 17:10:53.000097;36;10;;Italy;D;Bastoni;Inter
99;2023-06-30 17:10:53.000098;2023-06-30 17:10:53.000098;20;10;;Italy;D;Depaoli;Verona
100;2023-06-30 17:10:53.000099;2023-06-30 17:10:53.000099;35;10;;Italy;D;Darmian;Inter
101;2023-06-30 17:10:53.000100;2023-06-30 17:10:53.000100;36;10;;Italy;D;Augello;Sampdoria
102;2023-06-30 17:10:53.000101;2023-06-30 17:10:53.000101;38;10;;Italy;D;Bastoni S.;Spezia
103;2023-06-30 17:10:53.000102;2023-06-30 17:10:53.000102;19;10;;Denmark;D;Maehle;Atalanta
104;2023-06-30 17:10:53.000103;2023-06-30 17:10:53.000103;26;10;;Italy;D;Casale;Lazio
105;2023-06-30 17:10:53.000104;2023-06-30 17:10:53.000104;25;10;;Netherlands;D;Dumfries;Inter
106;2023-06-30 17:10:53.000105;2023-06-30 17:10:53.000105;19;10;;Italy;D;Scalvini;Atalanta
107;2023-06-30 17:10:53.000106;2023-06-30 17:10:53.000106;24;10;;Argentina;D;Perez N.;Udinese
108;2023-06-30 17:10:53.000107;2023-06-30 17:10:53.000107;25;10;;Slovenia;D;Bijol;Udinese
109;2023-06-30 17:10:53.000108;2023-06-30 17:10:53.000108;30;9;;Italy;D;Mario Rui;Napoli
110;2023-06-30 17:10:53.000109;2023-06-30 17:10:53.000109;18;9;;Italy;D;Acerbi;Inter
111;2023-06-30 17:10:53.000110;2023-06-30 17:10:53.000110;28;9;;Italy;D;Faraoni;Verona
112;2023-06-30 17:10:53.000111;2023-06-30 17:10:53.000111;33;9;;Serbia;D;Milenkovic;Fiorentina
113;2023-06-30 17:10:53.000112;2023-06-30 17:10:53.000112;19;9;;Switzerland;D;Rodriguez R.;Torino
114;2023-06-30 17:10:53.000113;2023-06-30 17:10:53.000113;27;9;;Poland;D;Reca;Spezia
115;2023-06-30 17:10:53.000114;2023-06-30 17:10:53.000114;36;9;;Greece;D;Kyriakopoulos;Bologna
116;2023-06-30 17:10:53.000115;2023-06-30 17:10:53.000115;30;9;;Ivory Coast;D;Singo;Torino
117;2023-06-30 17:10:53.000116;2023-06-30 17:10:53.000116;25;9;;Spain;D;Mari';Monza
118;2023-06-30 17:10:53.000117;2023-06-30 17:10:53.000117;28;9;;Italy;D;Cambiaso;Bologna
119;2023-06-30 17:10:53.000118;2023-06-30 17:10:53.000118;36;9;;Brazil;D;Dodo';Fiorentina
120;2023-06-30 17:10:53.000119;2023-06-30 17:10:53.000119;20;8;;Italy;D;Masina;Udinese
121;2023-06-30 17:10:53.000120;2023-06-30 17:10:53.000120;21;8;;Italy;D;Izzo;Monza
122;2023-06-30 17:10:53.000121;2023-06-30 17:10:53.000121;30;8;;Italy;D;Calabria;Milan
123;2023-06-30 17:10:53.000122;2023-06-30 17:10:53.000122;34;8;;Slovakia;D;Skriniar;Inter
124;2023-06-30 17:10:53.000123;2023-06-30 17:10:53.000123;27;8;;Italy;D;Sernicola;Cremonese
125;2023-06-30 17:10:53.000124;2023-06-30 17:10:53.000124;29;8;;Serbia;D;Terzic;Fiorentina
126;2023-06-30 17:10:53.000125;2023-06-30 17:10:53.000125;32;8;;Brazil;D;Rodrigo Becao;Udinese
127;2023-06-30 17:10:53.000126;2023-06-30 17:10:53.000126;32;8;;Italy;D;Pirola;Salernitana
128;2023-06-30 17:10:53.000127;2023-06-30 17:10:53.000127;25;8;;Italy;D;Caldirola;Monza
129;2023-06-30 17:10:53.000128;2023-06-30 17:10:53.000128;21;7;;Brazil;D;Juan Jesus;Napoli
130;2023-06-30 17:10:53.000129;2023-06-30 17:10:53.000129;34;7;;Italy;D;Bonucci;Juventus
131;2023-06-30 17:10:53.000130;2023-06-30 17:10:53.000130;35;7;;Netherlands;D;De Vrij;Inter
132;2023-06-30 17:10:53.000131;2023-06-30 17:10:53.000131;31;7;;Albania;D;Djimsiti;Atalanta
133;2023-06-30 17:10:53.000132;2023-06-30 17:10:53.000132;37;7;;Montenegro;D;Marusic;Lazio
134;2023-06-30 17:10:53.000133;2023-06-30 17:10:53.000133;37;7;;Ivory Coast;D;Djidji;Torino
135;2023-06-30 17:10:53.000134;2023-06-30 17:10:53.000134;33;7;;Brazil;D;Ibanez;Roma
136;2023-06-30 17:10:53.000135;2023-06-30 17:10:53.000135;38;7;;France;D;Kalulu;Milan
137;2023-06-30 17:10:53.000136;2023-06-30 17:10:53.000136;22;7;;Kosovo;D;Vojvoda;Torino
138;2023-06-30 17:10:53.000137;2023-06-30 17:10:53.000137;36;7;;Spain;D;Llorente D.;Roma
139;2023-06-30 17:10:53.000138;2023-06-30 17:10:53.000138;19;7;;Argentina;D;Martinez Quarta;Fiorentina
140;2023-06-30 17:10:53.000139;2023-06-30 17:10:53.000139;27;7;;France;D;Gendrey;Lecce
141;2023-06-30 17:10:53.000140;2023-06-30 17:10:53.000140;35;7;;Sweden;D;Hien;Verona
142;2023-06-30 17:10:53.000141;2023-06-30 17:10:53.000141;18;6;;Spain;D;Patric;Lazio
143;2023-06-30 17:10:53.000142;2023-06-30 17:10:53.000142;29;6;;Slovakia;D;Gyomber;Salernitana
144;2023-06-30 17:10:53.000143;2023-06-30 17:10:53.000143;31;6;;Brazil;D;Rogerio;Sassuolo
145;2023-06-30 17:10:53.000144;2023-06-30 17:10:53.000144;27;6;;France;D;Umtiti;Lecce
146;2023-06-30 17:10:53.000145;2023-06-30 17:10:53.000145;29;6;;Nigeria;D;Troost-Ekong;Salernitana
147;2023-06-30 17:10:53.000146;2023-06-30 17:10:53.000146;21;6;;Greece;D;Nikolaou;Spezia
148;2023-06-30 17:10:53.000147;2023-06-30 17:10:53.000147;22;6;;Turkey;D;Demiral;Atalanta
149;2023-06-30 17:10:53.000148;2023-06-30 17:10:53.000148;35;6;;Switzerland;D;Lazaro;Torino
150;2023-06-30 17:10:53.000149;2023-06-30 17:10:53.000149;31;6;;Italy;D;Zortea;Sassuolo
151;2023-06-30 17:10:53.000150;2023-06-30 17:10:53.000150;19;6;;Wales;D;Ampadu;Spezia
152;2023-06-30 17:10:53.000151;2023-06-30 17:10:53.000151;36;6;;Mexico;D;Vasquez;Cremonese
153;2023-06-30 17:10:53.000152;2023-06-30 17:10:53.000152;36;6;;Croatia;D;Bradaric;Salernitana
154;2023-06-30 17:10:53.000153;2023-06-30 17:10:53.000153;27;6;;Georgia;D;Lochoshvili;Cremonese
155;2023-06-30 17:10:53.000154;2023-06-30 17:10:53.000154;36;6;;Nigeria;D;Ehizibue;Udinese
156;2023-06-30 17:10:53.000155;2023-06-30 17:10:53.000155;34;6;;Germany;D;Thiaw;Milan
157;2023-06-30 17:10:53.000156;2023-06-30 17:10:53.000156;34;5;;Italy;D;D'ambrosio;Inter
158;2023-06-30 17:10:53.000157;2023-06-30 17:10:53.000157;24;5;;Chile;D;Medel;Bologna
159;2023-06-30 17:10:53.000158;2023-06-30 17:10:53.000158;24;5;;Italy;D;De Silvestri;Bologna
160;2023-06-30 17:10:53.000159;2023-06-30 17:10:53.000159;34;5;;Italy;D;Ceccherini;Verona
161;2023-06-30 17:10:53.000160;2023-06-30 17:10:53.000160;23;5;;Italy;D;Ferrari G.;Sassuolo
162;2023-06-30 17:10:53.000161;2023-06-30 17:10:53.000161;29;5;;Greece;D;Lykogiannis;Bologna
163;2023-06-30 17:10:53.000162;2023-06-30 17:10:53.000162;29;5;;England;D;Aina;Torino
164;2023-06-30 17:10:53.000163;2023-06-30 17:10:53.000163;31;5;;Italy;D;Ranieri L.;Fiorentina
165;2023-06-30 17:10:53.000164;2023-06-30 17:10:53.000164;19;5;;Germany;D;Toljan;Sassuolo
166;2023-06-30 17:10:53.000165;2023-06-30 17:10:53.000165;21;5;;Italy;D;Gallo;Lecce
167;2023-06-30 17:10:53.000166;2023-06-30 17:10:53.000166;38;5;;Italy;D;Bellanova;Inter
168;2023-06-30 17:10:53.000167;2023-06-30 17:10:53.000167;27;5;;France;D;Soumaoro;Bologna
169;2023-06-30 17:10:53.000168;2023-06-30 17:10:53.000168;20;5;;Albania;D;Ismajli;Empoli
170;2023-06-30 17:10:53.000169;2023-06-30 17:10:53.000169;27;5;;Senegal;D;Ballo-Toure';Milan
171;2023-06-30 17:10:53.000170;2023-06-30 17:10:53.000170;29;5;;Italy;D;Amione;Sampdoria
172;2023-06-30 17:10:53.000171;2023-06-30 17:10:53.000171;26;5;;Sweden;D;Holm;Spezia
173;2023-06-30 17:10:53.000172;2023-06-30 17:10:53.000172;23;5;;Italy;D;Gatti;Juventus
174;2023-06-30 17:10:53.000173;2023-06-30 17:10:53.000173;27;5;;Italy;D;Birindelli;Monza
175;2023-06-30 17:10:53.000174;2023-06-30 17:10:53.000174;19;5;;Ireland;D;Ebosele;Udinese
176;2023-06-30 17:10:53.000175;2023-06-30 17:10:53.000175;18;5;;France;D;Sambia;Salernitana
177;2023-06-30 17:10:53.000176;2023-06-30 17:10:53.000176;38;5;;Colombia;D;Lucumi';Bologna
178;2023-06-30 17:10:53.000177;2023-06-30 17:10:53.000177;35;4;;Italy;D;Ferrari A.;Cremonese
179;2023-06-30 17:10:53.000178;2023-06-30 17:10:53.000178;30;4;;Romania;D;Chiriches;Cremonese
180;2023-06-30 17:10:53.000179;2023-06-30 17:10:53.000179;25;4;;Argentina;D;Palomino;Atalanta
181;2023-06-30 17:10:53.000180;2023-06-30 17:10:53.000180;26;4;;Italy;D;Bonifazi;Bologna
182;2023-06-30 17:10:53.000181;2023-06-30 17:10:53.000181;27;4;;Italy;D;Lazzari;Lazio
183;2023-06-30 17:10:53.000182;2023-06-30 17:10:53.000182;24;4;;Netherlands;D;Nuytinck;Sampdoria
184;2023-06-30 17:10:53.000183;2023-06-30 17:10:53.000183;27;4;;Germany;D;Gunter;Sampdoria
185;2023-06-30 17:10:53.000184;2023-06-30 17:10:53.000184;34;4;;Italy;D;Magnani;Verona
186;2023-06-30 17:10:53.000185;2023-06-30 17:10:53.000185;30;4;;Netherlands;D;Zeegelaar;Udinese
187;2023-06-30 17:10:53.000186;2023-06-30 17:10:53.000186;37;4;;Brazil;D;Igor;Fiorentina
188;2023-06-30 17:10:53.000187;2023-06-30 17:10:53.000187;26;4;;Poland;D;Dawidowicz;Verona
189;2023-06-30 17:10:53.000188;2023-06-30 17:10:53.000188;30;4;;Turkey;D;Celik;Roma
190;2023-06-30 17:10:53.000189;2023-06-30 17:10:53.000189;26;4;;Croatia;D;Stojanovic;Empoli
191;2023-06-30 17:10:53.000190;2023-06-30 17:10:53.000190;23;4;;France;D;Amian;Spezia
192;2023-06-30 17:10:53.000191;2023-06-30 17:10:53.000191;32;4;;Austria;D;Daniliuc;Salernitana
193;2023-06-30 17:10:53.000192;2023-06-30 17:10:53.000192;34;4;;Austria;D;Aiwu;Cremonese
194;2023-06-30 17:10:53.000193;2023-06-30 17:10:53.000193;30;4;;Poland;D;Wisniewski;Spezia
195;2023-06-30 17:10:53.000194;2023-06-30 17:10:53.000194;20;3;;Italy;D;Ghiglione;Cremonese
196;2023-06-30 17:10:53.000195;2023-06-30 17:10:53.000195;29;3;;Italy;D;Rugani;Juventus
197;2023-06-30 17:10:53.000196;2023-06-30 17:10:53.000196;32;3;;Italy;D;De Sciglio;Juventus
198;2023-06-30 17:10:53.000197;2023-06-30 17:10:53.000197;28;3;;Italy;D;Bianchetti;Cremonese
199;2023-06-30 17:10:53.000198;2023-06-30 17:10:53.000198;30;3;;Brazil;D;Alex Sandro;Juventus
200;2023-06-30 17:10:53.000199;2023-06-30 17:10:53.000199;37;3;;Italy;D;Murru;Sampdoria
201;2023-06-30 17:10:53.000200;2023-06-30 17:10:53.000200;31;3;;Poland;D;Bereszynski;Napoli
202;2023-06-30 17:10:53.000201;2023-06-30 17:10:53.000201;30;3;;Netherlands;D;Hateboer;Atalanta
203;2023-06-30 17:10:53.000202;2023-06-30 17:10:53.000202;34;3;;Italy;D;Venuti;Fiorentina
204;2023-06-30 17:10:53.000203;2023-06-30 17:10:53.000203;28;3;;France;D;Gravillon;Torino
205;2023-06-30 17:10:53.000204;2023-06-30 17:10:53.000204;19;3;;Brazil;D;Marlon;Monza
206;2023-06-30 17:10:53.000205;2023-06-30 17:10:53.000205;22;3;;Denmark;D;Kjaer;Milan
207;2023-06-30 17:10:53.000206;2023-06-30 17:10:53.000206;27;3;;Italy;D;Pellegrini Lu.;Lazio
208;2023-06-30 17:10:53.000207;2023-06-30 17:10:53.000207;25;3;;Poland;D;Walukiewicz;Empoli
209;2023-06-30 17:10:53.000208;2023-06-30 17:10:53.000208;32;3;;Italy;D;Okoli;Atalanta
210;2023-06-30 17:10:53.000209;2023-06-30 17:10:53.000209;33;3;;Italy;D;Lovato;Salernitana
211;2023-06-30 17:10:53.000210;2023-06-30 17:10:53.000210;19;3;;Croatia;D;Erlic;Sassuolo
212;2023-06-30 17:10:53.000211;2023-06-30 17:10:53.000211;18;3;;Italy;D;Ceccaroni;Lecce
213;2023-06-30 17:10:53.000212;2023-06-30 17:10:53.000212;28;3;;Italy;D;Coppola D.;Verona
214;2023-06-30 17:10:53.000213;2023-06-30 17:10:53.000213;28;3;;Australia;D;Cacace;Empoli
215;2023-06-30 17:10:53.000214;2023-06-30 17:10:53.000214;26;3;;Italy;D;Quagliata;Cremonese
216;2023-06-30 17:10:53.000215;2023-06-30 17:10:53.000215;24;3;;Ireland;D;Abankwah;Udinese
217;2023-06-30 17:10:53.000216;2023-06-30 17:10:53.000216;32;3;;France;D;Guessand A.;Udinese
218;2023-06-30 17:10:53.000217;2023-06-30 17:10:53.000217;28;3;;Colombia;D;Cabal;Verona
219;2023-06-30 17:10:53.000218;2023-06-30 17:10:53.000218;19;2;;Greece;D;Oikonomou;Sampdoria
220;2023-06-30 17:10:53.000219;2023-06-30 17:10:53.000219;29;2;;Albania;D;Dermaku;Lecce
221;2023-06-30 17:10:53.000220;2023-06-30 17:10:53.000220;35;2;;Italy;D;Tonelli;Empoli
222;2023-06-30 17:10:53.000221;2023-06-30 17:10:53.000221;37;2;;Colombia;D;Murillo;Sampdoria
223;2023-06-30 17:10:53.000222;2023-06-30 17:10:53.000222;31;2;;Italy;D;Pezzella Giu.;Lecce
224;2023-06-30 17:10:53.000223;2023-06-30 17:10:53.000223;27;2;;Argentina;D;Fazio;Salernitana
225;2023-06-30 17:10:53.000224;2023-06-30 17:10:53.000224;21;2;;Netherlands;D;Karsdorp;Roma
226;2023-06-30 17:10:53.000225;2023-06-30 17:10:53.000225;28;2;;Italy;D;Marchizza;Sassuolo
227;2023-06-30 17:10:53.000226;2023-06-30 17:10:53.000226;32;2;;Italy;D;Romagna;Sassuolo
228;2023-06-30 17:10:53.000227;2023-06-30 17:10:53.000227;22;2;;Italy;D;Donati;Monza
229;2023-06-30 17:10:53.000228;2023-06-30 17:10:53.000228;24;2;;Italy;D;Gabbia;Milan
230;2023-06-30 17:10:53.000229;2023-06-30 17:10:53.000229;30;2;;Italy;D;Tuia;Lecce
231;2023-06-30 17:10:53.000230;2023-06-30 17:10:53.000230;27;2;;Spain;D;Ferrer;Spezia
232;2023-06-30 17:10:53.000231;2023-06-30 17:10:53.000231;35;2;;USA;D;Dest;Milan
233;2023-06-30 17:10:53.000232;2023-06-30 17:10:53.000232;18;2;;Italy;D;Ruggeri;Atalanta
234;2023-06-30 17:10:53.000233;2023-06-30 17:10:53.000233;27;2;;Bulgaria;D;Antov;Monza
235;2023-06-30 17:10:53.000234;2023-06-30 17:10:53.000234;35;2;;Croatia;D;Pongracic;Lecce
236;2023-06-30 17:10:53.000235;2023-06-30 17:10:53.000235;33;2;;France;D;Soppy;Atalanta
237;2023-06-30 17:10:53.000236;2023-06-30 17:10:53.000236;36;2;;Brazil;D;Ruan;Sassuolo
238;2023-06-30 17:10:53.000237;2023-06-30 17:10:53.000237;38;2;;Norway;D;Ostigard;Napoli
239;2023-06-30 17:10:53.000238;2023-06-30 17:10:53.000238;31;2;;Spain;D;Gila;Lazio
240;2023-06-30 17:10:53.000239;2023-06-30 17:10:53.000239;31;2;;France;D;Bayeye;Torino
241;2023-06-30 17:10:53.000240;2023-06-30 17:10:53.000240;37;2;;Italy;D;Barbieri;Juventus
242;2023-06-30 17:10:53.000241;2023-06-30 17:10:53.000241;29;2;;Tunisia;D;Bronn;Salernitana
243;2023-06-30 17:10:53.000242;2023-06-30 17:10:53.000242;22;1;;Italy;D;Conti;Sampdoria
244;2023-06-30 17:10:53.000243;2023-06-30 17:10:53.000243;33;1;;Italy;D;Romagnoli S.;Lecce
245;2023-06-30 17:10:53.000244;2023-06-30 17:10:53.000244;38;1;;Italy;D;Marrone;Monza
246;2023-06-30 17:10:53.000245;2023-06-30 17:10:53.000245;34;1;;Romania;D;Radu;Lazio
247;2023-06-30 17:10:53.000246;2023-06-30 17:10:53.000246;20;1;;Italy;D;Florenzi;Milan
248;2023-06-30 17:10:53.000247;2023-06-30 17:10:53.000247;32;1;;Italy;D;Sala;Spezia
249;2023-06-30 17:10:53.000248;2023-06-30 17:10:53.000248;19;1;;Algeria;D;Fares;Lazio
250;2023-06-30 17:10:53.000249;2023-06-30 17:10:53.000249;24;1;;Italy;D;Caldara;Spezia
251;2023-06-30 17:10:53.000250;2023-06-30 17:10:53.000250;23;1;;Italy;D;Cassandro;Lecce
252;2023-06-30 17:10:53.000251;2023-06-30 17:10:53.000251;30;1;;Albania;D;Kumbulla;Roma
253;2023-06-30 17:10:53.000252;2023-06-30 17:10:53.000252;24;1;;Turkey;D;Muldur;Sassuolo
254;2023-06-30 17:10:53.000253;2023-06-30 17:10:53.000253;38;1;;France;D;Adopo;Torino
255;2023-06-30 17:10:53.000254;2023-06-30 17:10:53.000254;18;1;;Togo;D;Amey;Bologna
256;2023-06-30 17:10:53.000255;2023-06-30 17:10:53.000255;27;1;;Czech Republic;D;Zima;Torino
257;2023-06-30 17:10:53.000256;2023-06-30 17:10:53.000256;19;1;;Belgium;D;De Winter;Empoli
258;2023-06-30 17:10:53.000257;2023-06-30 17:10:53.000257;23;1;;Italy;D;Zanotti;Inter
259;2023-06-30 17:10:53.000258;2023-06-30 17:10:53.000258;26;1;;Portugal;D;Buta;Udinese
260;2023-06-30 17:10:53.000259;2023-06-30 17:10:53.000259;34;1;;Camerun;D;Ebosse;Udinese
261;2023-06-30 17:10:53.000260;2023-06-30 17:10:53.000260;21;1;;Uruguay;D;Sosa;Bologna
262;2023-06-30 17:10:53.000261;2023-06-30 17:10:53.000261;33;1;;Italy;D;Guarino;Empoli
263;2023-06-30 17:10:53.000262;2023-06-30 17:10:53.000262;30;1;;Portugal;D;Moutinho J.;Spezia
264;2023-06-30 17:10:53.000263;2023-06-30 17:10:53.000263;34;1;;Netherlands;D;Zeefuik;Verona
265;2023-06-30 17:10:53.000264;2023-06-30 17:10:53.000264;37;1;;Italy;D;Carboni F.;Monza
266;2023-06-30 17:10:53.000265;2023-06-30 17:10:53.000265;30;33;;Georgia;C;Kvaratskhelia;Napoli
267;2023-06-30 17:10:53.000266;2023-06-30 17:10:53.000266;22;28;;Italy;C;Zaccagni;Lazio
268;2023-06-30 17:10:53.000267;2023-06-30 17:10:53.000267;20;25;;Serbia;C;Milinkovic-Savic;Lazio
269;2023-06-30 17:10:53.000268;2023-06-30 17:10:53.000268;29;23;;Brazil;C;Felipe Anderson;Lazio
270;2023-06-30 17:10:53.000269;2023-06-30 17:10:53.000269;29;23;;Italy;C;El Shaarawy;Roma
271;2023-06-30 17:10:53.000270;2023-06-30 17:10:53.000270;30;23;;France;C;Rabiot;Juventus
272;2023-06-30 17:10:53.000271;2023-06-30 17:10:53.000271;32;22;;Spain;C;Luis Alberto;Lazio
273;2023-06-30 17:10:53.000272;2023-06-30 17:10:53.000272;30;22;;Italy;C;Orsolini;Bologna
274;2023-06-30 17:10:53.000273;2023-06-30 17:10:53.000273;37;22;;Brazil;C;Strefezza;Lecce
275;2023-06-30 17:10:53.000274;2023-06-30 17:10:53.000274;24;22;;Netherlands;C;Koopmeiners;Atalanta
276;2023-06-30 17:10:53.000275;2023-06-30 17:10:53.000275;20;21;;Italy;C;Barella;Inter
277;2023-06-30 17:10:53.000276;2023-06-30 17:10:53.000276;22;21;;Serbia;C;Vlasic;Torino
278;2023-06-30 17:10:53.000277;2023-06-30 17:10:53.000277;28;20;;Poland;C;Zielinski;Napoli
279;2023-06-30 17:10:53.000278;2023-06-30 17:10:53.000278;27;20;;Argentina;C;Pereyra;Udinese
280;2023-06-30 17:10:53.000279;2023-06-30 17:10:53.000279;36;20;;Italy;C;Candreva;Salernitana
281;2023-06-30 17:10:53.000280;2023-06-30 17:10:53.000280;28;20;;Italy;C;Frattesi;Sassuolo
282;2023-06-30 17:10:53.000281;2023-06-30 17:10:53.000281;35;20;;Spain;C;Diaz B.;Milan
283;2023-06-30 17:10:53.000282;2023-06-30 17:10:53.000282;35;20;;Russia;C;Miranchuk;Torino
284;2023-06-30 17:10:53.000283;2023-06-30 17:10:53.000283;26;20;;Scotland;C;Ferguson;Bologna
285;2023-06-30 17:10:53.000284;2023-06-30 17:10:53.000284;35;20;;Italy;C;Ciurria;Monza
286;2023-06-30 17:10:53.000285;2023-06-30 17:10:53.000285;27;19;;Serbia;C;Lazovic;Verona
287;2023-06-30 17:10:53.000286;2023-06-30 17:10:53.000286;23;19;;Turkey;C;Calhanoglu;Inter
288;2023-06-30 17:10:53.000287;2023-06-30 17:10:53.000287;30;19;;Macedonia;C;Elmas;Napoli
289;2023-06-30 17:10:53.000288;2023-06-30 17:10:53.000288;19;19;;Slovenia;C;Lovric;Udinese
290;2023-06-30 17:10:53.000289;2023-06-30 17:10:53.000289;26;18;;Camerun;C;Zambo Anguissa;Napoli
291;2023-06-30 17:10:53.000290;2023-06-30 17:10:53.000290;31;18;;Serbia;C;Samardzic;Udinese
292;2023-06-30 17:10:53.000291;2023-06-30 17:10:53.000291;34;17;;Italy;C;Baldanzi;Empoli
293;2023-06-30 17:10:53.000292;2023-06-30 17:10:53.000292;27;16;;Italy;C;Bonaventura;Fiorentina
294;2023-06-30 17:10:53.000293;2023-06-30 17:10:53.000293;34;16;;Italy;C;Pessina;Monza
295;2023-06-30 17:10:53.000294;2023-06-30 17:10:53.000294;31;16;;Italy;C;Tonali;Milan
296;2023-06-30 17:10:53.000295;2023-06-30 17:10:53.000295;37;16;;Serbia;C;Kostic;Juventus
297;2023-06-30 17:10:53.000296;2023-06-30 17:10:53.000296;23;15;;Croatia;C;Brozovic;Inter
298;2023-06-30 17:10:53.000297;2023-06-30 17:10:53.000297;36;15;;Italy;C;Verdi;Verona
299;2023-06-30 17:10:53.000298;2023-06-30 17:10:53.000298;19;15;;Italy;C;Chiesa;Juventus
300;2023-06-30 17:10:53.000299;2023-06-30 17:10:53.000299;27;15;;Slovakia;C;Lobotka;Napoli
301;2023-06-30 17:10:53.000300;2023-06-30 17:10:53.000300;22;15;;Italy;C;Fagioli;Juventus
302;2023-06-30 17:10:53.000301;2023-06-30 17:10:53.000301;20;14;;Brazil;C;Messias;Milan
303;2023-06-30 17:10:53.000302;2023-06-30 17:10:53.000302;33;14;;Italy;C;Colpani;Monza
304;2023-06-30 17:10:53.000303;2023-06-30 17:10:53.000303;28;13;;Italy;C;Pellegrini Lo.;Roma
305;2023-06-30 17:10:53.000304;2023-06-30 17:10:53.000304;29;13;;Italy;C;Politano;Napoli
306;2023-06-30 17:10:53.000305;2023-06-30 17:10:53.000305;29;13;;Croatia;C;Pasalic;Atalanta
307;2023-06-30 17:10:53.000306;2023-06-30 17:10:53.000306;26;13;;Serbia;C;Matic;Roma
308;2023-06-30 17:10:53.000307;2023-06-30 17:10:53.000307;22;13;;Armenia;C;Mkhitaryan;Inter
309;2023-06-30 17:10:53.000308;2023-06-30 17:10:53.000308;36;13;;Netherlands;C;Wijnaldum;Roma
310;2023-06-30 17:10:53.000309;2023-06-30 17:10:53.000309;34;13;;Algeria;C;Bennacer;Milan
311;2023-06-30 17:10:53.000310;2023-06-30 17:10:53.000310;36;13;;France;C;Ikone';Fiorentina
312;2023-06-30 17:10:53.000311;2023-06-30 17:10:53.000311;33;13;;Argentina;C;Dominguez;Bologna
313;2023-06-30 17:10:53.000312;2023-06-30 17:10:53.000312;24;13;;Serbia;C;Radonjic;Torino
314;2023-06-30 17:10:53.000313;2023-06-30 17:10:53.000313;38;13;;Croatia;C;Moro N.;Bologna
315;2023-06-30 17:10:53.000314;2023-06-30 17:10:53.000314;27;12;;Netherlands;C;De Roon;Atalanta
316;2023-06-30 17:10:53.000315;2023-06-30 17:10:53.000315;24;12;;Italy;C;Saponara;Fiorentina
317;2023-06-30 17:10:53.000316;2023-06-30 17:10:53.000316;36;12;;France;C;Pogba;Juventus
318;2023-06-30 17:10:53.000317;2023-06-30 17:10:53.000317;29;12;;Serbia;C;Ilic;Torino
319;2023-06-30 17:10:53.000318;2023-06-30 17:10:53.000318;32;12;;Italy;C;Ricci S.;Torino
320;2023-06-30 17:10:53.000319;2023-06-30 17:10:53.000319;25;12;;Mali;C;Coulibaly L.;Salernitana
321;2023-06-30 17:10:53.000320;2023-06-30 17:10:53.000320;33;12;;Brazil;C;Matheus Henrique;Sassuolo
322;2023-06-30 17:10:53.000321;2023-06-30 17:10:53.000321;20;11;;Italy;C;Mandragora;Fiorentina
323;2023-06-30 17:10:53.000322;2023-06-30 17:10:53.000322;31;11;;Italy;C;Sensi;Monza
324;2023-06-30 17:10:53.000323;2023-06-30 17:10:53.000323;27;11;;Czech Republic;C;Barak;Fiorentina
325;2023-06-30 17:10:53.000324;2023-06-30 17:10:53.000324;34;11;;France;C;Oudin;Lecce
326;2023-06-30 17:10:53.000325;2023-06-30 17:10:53.000325;35;10;;Italy;C;Locatelli;Juventus
327;2023-06-30 17:10:53.000326;2023-06-30 17:10:53.000326;18;10;;Greece;C;Kastanos;Salernitana
328;2023-06-30 17:10:53.000327;2023-06-30 17:10:53.000327;34;10;;Italy;C;Castrovilli;Fiorentina
329;2023-06-30 17:10:53.000328;2023-06-30 17:10:53.000328;37;10;;Italy;C;Rovella;Monza
330;2023-06-30 17:10:53.000329;2023-06-30 17:10:53.000329;24;10;;Belgium;C;Saelemaekers;Milan
331;2023-06-30 17:10:53.000330;2023-06-30 17:10:53.000330;28;10;;Romania;C;Marin;Empoli
332;2023-06-30 17:10:53.000331;2023-06-30 17:10:53.000331;34;10;;Poland;C;Zalewski;Roma
333;2023-06-30 17:10:53.000332;2023-06-30 17:10:53.000332;27;10;;Albania;C;Bajrami;Sassuolo
334;2023-06-30 17:10:53.000333;2023-06-30 17:10:53.000333;25;10;;Brazil;C;Ederson D.s.;Atalanta
335;2023-06-30 17:10:53.000334;2023-06-30 17:10:53.000334;25;10;;Denmark;C;Hjulmand;Lecce
336;2023-06-30 17:10:53.000335;2023-06-30 17:10:53.000335;36;10;;Belgium;C;De Ketelaere;Milan
337;2023-06-30 17:10:53.000336;2023-06-30 17:10:53.000336;31;10;;Netherlands;C;Vilhena;Salernitana
338;2023-06-30 17:10:53.000337;2023-06-30 17:10:53.000337;35;10;;England;C;Iling-Junior;Juventus
339;2023-06-30 17:10:53.000338;2023-06-30 17:10:53.000338;23;9;;Uruguay;C;Vecino;Lazio
340;2023-06-30 17:10:53.000339;2023-06-30 17:10:53.000339;28;9;;Morocco;C;Bourabia;Spezia
341;2023-06-30 17:10:53.000340;2023-06-30 17:10:53.000340;29;9;;Italy;C;Maldini;Spezia
342;2023-06-30 17:10:53.000341;2023-06-30 17:10:53.000341;31;9;;Italy;C;Bove;Roma
343;2023-06-30 17:10:53.000342;2023-06-30 17:10:53.000342;28;9;;Norway;C;Thorstvedt;Sassuolo
344;2023-06-30 17:10:53.000343;2023-06-30 17:10:53.000343;32;8;;Italy;C;Cristante;Roma
345;2023-06-30 17:10:53.000344;2023-06-30 17:10:53.000344;20;8;;Italy;C;Bandinelli;Empoli
346;2023-06-30 17:10:53.000345;2023-06-30 17:10:53.000345;20;8;;Brazil;C;Walace;Udinese
347;2023-06-30 17:10:53.000346;2023-06-30 17:10:53.000346;35;8;;Italy;C;Soriano;Bologna
348;2023-06-30 17:10:53.000347;2023-06-30 17:10:53.000347;18;8;;Netherlands;C;Schouten;Bologna
349;2023-06-30 17:10:53.000348;2023-06-30 17:10:53.000348;38;8;;Colombia;C;Agudelo;Spezia
350;2023-06-30 17:10:53.000349;2023-06-30 17:10:53.000349;28;8;;Ivory Coast;C;Akpa Akpro;Empoli
351;2023-06-30 17:10:53.000350;2023-06-30 17:10:53.000350;31;8;;Morocco;C;Harroui;Sassuolo
352;2023-06-30 17:10:53.000351;2023-06-30 17:10:53.000351;26;8;;France;C;Blin;Lecce
353;2023-06-30 17:10:53.000352;2023-06-30 17:10:53.000352;36;7;;Italy;C;Cataldi;Lazio
354;2023-06-30 17:10:53.000353;2023-06-30 17:10:53.000353;34;7;;Ghana;C;Duncan;Fiorentina
355;2023-06-30 17:10:53.000354;2023-06-30 17:10:53.000354;37;7;;Colombia;C;Cuadrado;Juventus
356;2023-06-30 17:10:53.000355;2023-06-30 17:10:53.000355;18;7;;Poland;C;Linetty;Torino
357;2023-06-30 17:10:53.000356;2023-06-30 17:10:53.000356;20;7;;Italy;C;Sottil;Fiorentina
358;2023-06-30 17:10:53.000357;2023-06-30 17:10:53.000357;23;7;;Ghana;C;Gyasi;Spezia
359;2023-06-30 17:10:53.000358;2023-06-30 17:10:53.000358;30;7;;Germany;C;Arslan;Udinese
360;2023-06-30 17:10:53.000359;2023-06-30 17:10:53.000359;35;7;;Chile;C;Galdames;Cremonese
361;2023-06-30 17:10:53.000360;2023-06-30 17:10:53.000360;36;7;;Italy;C;Miretti;Juventus
362;2023-06-30 17:10:53.000361;2023-06-30 17:10:53.000361;37;7;;Italy;C;Castagnetti;Cremonese
363;2023-06-30 17:10:53.000362;2023-06-30 17:10:53.000362;29;7;;Spain;C;Gonzalez J.;Lecce
364;2023-06-30 17:10:53.000363;2023-06-30 17:10:53.000363;32;6;;Italy;C;Grassi;Empoli
365;2023-06-30 17:10:53.000364;2023-06-30 17:10:53.000364;26;6;;Bosnia;C;Krunic;Milan
366;2023-06-30 17:10:53.000365;2023-06-30 17:10:53.000365;32;6;;Switzerland;C;Haas;Empoli
367;2023-06-30 17:10:53.000366;2023-06-30 17:10:53.000366;24;6;;Algeria;C;Leris;Sampdoria
368;2023-06-30 17:10:53.000367;2023-06-30 17:10:53.000367;20;6;;Sweden;C;Ekdal;Spezia
369;2023-06-30 17:10:53.000368;2023-06-30 17:10:53.000368;31;6;;France;C;Meite';Cremonese
370;2023-06-30 17:10:53.000369;2023-06-30 17:10:53.000369;22;6;;Slovakia;C;Duda;Verona
371;2023-06-30 17:10:53.000370;2023-06-30 17:10:53.000370;19;6;;Italy;C;Gaetano;Napoli
372;2023-06-30 17:10:53.000371;2023-06-30 17:10:53.000371;31;6;;Italy;C;Esposito Sa.;Spezia
373;2023-06-30 17:10:53.000372;2023-06-30 17:10:53.000372;25;6;;France;C;Lopez M.;Sassuolo
374;2023-06-30 17:10:53.000373;2023-06-30 17:10:53.000373;37;6;;Camerun;C;Tameze;Verona
375;2023-06-30 17:10:53.000374;2023-06-30 17:10:53.000374;33;6;;Italy;C;Pobega;Milan
376;2023-06-30 17:10:53.000375;2023-06-30 17:10:53.000375;20;6;;Switzerland;C;Aebischer;Bologna
377;2023-06-30 17:10:53.000376;2023-06-30 17:10:53.000376;21;6;;Norway;C;Bohinen;Salernitana
378;2023-06-30 17:10:53.000377;2023-06-30 17:10:53.000377;20;6;;Italy;C;Terracciano F.;Verona
379;2023-06-30 17:10:53.000378;2023-06-30 17:10:53.000378;23;6;;Brazil;C;Marcos Antonio;Lazio
380;2023-06-30 17:10:53.000379;2023-06-30 17:10:53.000379;32;6;;Italy;C;Ranocchia F.;Monza
381;2023-06-30 17:10:53.000380;2023-06-30 17:10:53.000380;31;5;;Argentina;C;Paredes;Juventus
382;2023-06-30 17:10:53.000381;2023-06-30 17:10:53.000381;29;5;;Italy;C;Benassi;Cremonese
383;2023-06-30 17:10:53.000382;2023-06-30 17:10:53.000382;25;5;;Brazil;C;Machin;Monza
384;2023-06-30 17:10:53.000383;2023-06-30 17:10:53.000383;23;5;;Italy;C;Vignato;Empoli
385;2023-06-30 17:10:53.000384;2023-06-30 17:10:53.000384;23;5;;England;C;Winks;Sampdoria
386;2023-06-30 17:10:53.000385;2023-06-30 17:10:53.000385;25;5;;Morocco;C;Amrabat;Fiorentina
387;2023-06-30 17:10:53.000386;2023-06-30 17:10:53.000386;27;5;;Morocco;C;Maleh;Lecce
388;2023-06-30 17:10:53.000387;2023-06-30 17:10:53.000387;35;5;;Croatia;C;Basic;Lazio
389;2023-06-30 17:10:53.000388;2023-06-30 17:10:53.000388;21;5;;Italy;C;Volpato;Roma
390;2023-06-30 17:10:53.000389;2023-06-30 17:10:53.000389;26;5;;Italy;C;Vignato S.;Monza
391;2023-06-30 17:10:53.000390;2023-06-30 17:10:53.000390;18;5;;Italy;C;Fazzini;Empoli
392;2023-06-30 17:10:53.000391;2023-06-30 17:10:53.000391;35;4;;Venezuela;C;Rincon;Sampdoria
393;2023-06-30 17:10:53.000392;2023-06-30 17:10:53.000392;36;4;;Serbia;C;Djuricic;Sampdoria
394;2023-06-30 17:10:53.000393;2023-06-30 17:10:53.000393;28;4;;France;C;Ndombele';Napoli
395;2023-06-30 17:10:53.000394;2023-06-30 17:10:53.000394;38;4;;Italy;C;Nicolussi Caviglia;Salernitana
396;2023-06-30 17:10:53.000395;2023-06-30 17:10:53.000395;32;4;;Scotland;C;Henderson L.;Empoli
397;2023-06-30 17:10:53.000396;2023-06-30 17:10:53.000396;36;4;;France;C;Cuisance;Sampdoria
398;2023-06-30 17:10:53.000397;2023-06-30 17:10:53.000397;38;4;;Norway;C;Ceide;Sassuolo
399;2023-06-30 17:10:53.000398;2023-06-30 17:10:53.000398;35;4;;Switzerland;C;Pickel;Cremonese
400;2023-06-30 17:10:53.000399;2023-06-30 17:10:53.000399;19;4;;Bosnia;C;Tahirovic;Roma
401;2023-06-30 17:10:53.000400;2023-06-30 17:10:53.000400;30;3;;Portugal;C;Miguel Veloso;Verona
402;2023-06-30 17:10:53.000401;2023-06-30 17:10:53.000401;37;3;;Poland;C;Zurkowski;Spezia
403;2023-06-30 17:10:53.000402;2023-06-30 17:10:53.000402;22;3;;Spain;C;Obiang;Sassuolo
404;2023-06-30 17:10:53.000403;2023-06-30 17:10:53.000403;35;3;;Norway;C;Askildsen;Lecce
405;2023-06-30 17:10:53.000404;2023-06-30 17:10:53.000404;31;3;;Ukraine;C;Kovalenko;Spezia
406;2023-06-30 17:10:53.000405;2023-06-30 17:10:53.000405;23;3;;Italy;C;Crnigoj;Salernitana
407;2023-06-30 17:10:53.000406;2023-06-30 17:10:53.000406;25;3;;Finland;C;Pyyhtia;Bologna
408;2023-06-30 17:10:53.000407;2023-06-30 17:10:53.000407;34;3;;Ghana;C;Sulemana I.;Verona
409;2023-06-30 17:10:53.000408;2023-06-30 17:10:53.000408;22;3;;Guinea;C;Camara Ma.;Roma
410;2023-06-30 17:10:53.000409;2023-06-30 17:10:53.000409;22;3;;Denmark;C;Abildgaard;Verona
411;2023-06-30 17:10:53.000410;2023-06-30 17:10:53.000410;34;2;;Italy;C;Gagliardini;Inter
412;2023-06-30 17:10:53.000411;2023-06-30 17:10:53.000411;23;2;;Italy;C;Valoti;Monza
413;2023-06-30 17:10:53.000412;2023-06-30 17:10:53.000412;32;2;;France;C;Bakayoko;Milan
414;2023-06-30 17:10:53.000413;2023-06-30 17:10:53.000413;36;2;;Italy;C;Maggiore;Salernitana
415;2023-06-30 17:10:53.000414;2023-06-30 17:10:53.000414;27;2;;Albania;C;Asllani;Inter
416;2023-06-30 17:10:53.000415;2023-06-30 17:10:53.000415;22;2;;Morocco;C;Sabiri;Sampdoria
417;2023-06-30 17:10:53.000416;2023-06-30 17:10:53.000416;29;2;;Italy;C;Zerbin;Napoli
418;2023-06-30 17:10:53.000417;2023-06-30 17:10:53.000417;18;2;;Turkey;C;Ilkhan;Sampdoria
419;2023-06-30 17:10:53.000418;2023-06-30 17:10:53.000418;36;2;;Italy;C;Paoletti;Sampdoria
420;2023-06-30 17:10:53.000419;2023-06-30 17:10:53.000419;37;2;;Slovenia;C;Cipot;Spezia
421;2023-06-30 17:10:53.000420;2023-06-30 17:10:53.000420;35;2;;Italy;C;Malagrida;Sampdoria
422;2023-06-30 17:10:53.000421;2023-06-30 17:10:53.000421;34;1;;Italy;C;D'alessandro;Monza
423;2023-06-30 17:10:53.000422;2023-06-30 17:10:53.000422;21;1;;Italy;C;Barberis;Monza
424;2023-06-30 17:10:53.000423;2023-06-30 17:10:53.000423;27;1;;England;C;Vieira;Torino
425;2023-06-30 17:10:53.000424;2023-06-30 17:10:53.000424;26;1;;Germany;C;Demme;Napoli
426;2023-06-30 17:10:53.000425;2023-06-30 17:10:53.000425;29;1;;Gambia;C;Darboe;Roma
427;2023-06-30 17:10:53.000426;2023-06-30 17:10:53.000426;26;1;;Poland;C;Urbanski;Bologna
428;2023-06-30 17:10:53.000427;2023-06-30 17:10:53.000427;28;1;;Italy;C;Bertini;Lazio
429;2023-06-30 17:10:53.000428;2023-06-30 17:10:53.000428;23;1;;Argentina;C;Romero L.;Lazio
430;2023-06-30 17:10:53.000429;2023-06-30 17:10:53.000429;19;1;;Italy;C;Bianco;Fiorentina
431;2023-06-30 17:10:53.000430;2023-06-30 17:10:53.000430;30;1;;Colombia;C;Yepes;Sampdoria
432;2023-06-30 17:10:53.000431;2023-06-30 17:10:53.000431;26;1;;Belgium;C;Vranckx;Milan
433;2023-06-30 17:10:53.000432;2023-06-30 17:10:53.000432;31;1;;Italy;C;Pafundi;Udinese
434;2023-06-30 17:10:53.000433;2023-06-30 17:10:53.000433;35;1;;Iceland;C;Helgason;Lecce
435;2023-06-30 17:10:53.000434;2023-06-30 17:10:53.000434;30;1;;France;C;Adli;Milan
436;2023-06-30 17:10:53.000435;2023-06-30 17:10:53.000435;18;1;;Austria;C;Hrustic;Verona
437;2023-06-30 17:10:53.000436;2023-06-30 17:10:53.000436;18;1;;Czech Republic;C;Samek;Lecce
438;2023-06-30 17:10:53.000437;2023-06-30 17:10:53.000437;29;1;;Italy;C;Degli Innocenti;Empoli
439;2023-06-30 17:10:53.000438;2023-06-30 17:10:53.000438;28;1;;Italy;C;Acella;Cremonese
440;2023-06-30 17:10:53.000439;2023-06-30 17:10:53.000439;31;1;;Italy;C;D'andrea;Sassuolo
441;2023-06-30 17:10:53.000440;2023-06-30 17:10:53.000440;23;1;;Italy;C;Carboni V.;Inter
442;2023-06-30 17:10:53.000441;2023-06-30 17:10:53.000441;30;1;;Italy;C;Faticanti;Roma
443;2023-06-30 17:10:53.000442;2023-06-30 17:10:53.000442;21;1;;Italy;C;Gineitis;Torino
444;2023-06-30 17:10:53.000443;2023-06-30 17:10:53.000443;32;1;;Argentina;C;Barrenechea;Juventus
445;2023-06-30 17:10:53.000444;2023-06-30 17:10:53.000444;38;44;;Nigeria;A;Osimhen;Napoli
446;2023-06-30 17:10:53.000445;2023-06-30 17:10:53.000445;30;36;;Argentina;A;Martinez L.;Inter
447;2023-06-30 17:10:53.000446;2023-06-30 17:10:53.000446;36;33;;Argentina;A;Dybala;Roma
448;2023-06-30 17:10:53.000447;2023-06-30 17:10:53.000447;28;33;;Italy;A;Berardi;Sassuolo
449;2023-06-30 17:10:53.000448;2023-06-30 17:10:53.000448;36;32;;Portugal;A;Rafael Leao;Milan
450;2023-06-30 17:10:53.000449;2023-06-30 17:10:53.000449;18;31;;Nigeria;A;Lookman;Atalanta
451;2023-06-30 17:10:53.000450;2023-06-30 17:10:53.000450;23;30;;Senegal;A;Dia;Salernitana
452;2023-06-30 17:10:53.000451;2023-06-30 17:10:53.000451;31;28;;Argentina;A;Sanabria;Torino
453;2023-06-30 17:10:53.000452;2023-06-30 17:10:53.000452;35;28;;Italy;A;Immobile;Lazio
454;2023-06-30 17:10:53.000453;2023-06-30 17:10:53.000453;26;28;;Belgium;A;Lukaku;Inter
455;2023-06-30 17:10:53.000454;2023-06-30 17:10:53.000454;29;26;;France;A;Giroud;Milan
456;2023-06-30 17:10:53.000455;2023-06-30 17:10:53.000455;36;26;;Angola;A;Nzola;Spezia
457;2023-06-30 17:10:53.000456;2023-06-30 17:10:53.000456;37;25;;Austria;A;Arnautovic;Bologna
458;2023-06-30 17:10:53.000457;2023-06-30 17:10:53.000457;38;23;;Serbia;A;Vlahovic;Juventus
459;2023-06-30 17:10:53.000458;2023-06-30 17:10:53.000458;25;23;;Brazil;A;Cabral;Fiorentina
460;2023-06-30 17:10:53.000459;2023-06-30 17:10:53.000459;29;23;;France;A;Lauriente';Sassuolo
461;2023-06-30 17:10:53.000460;2023-06-30 17:10:53.000460;26;22;;Bosnia;A;Dzeko;Inter
462;2023-06-30 17:10:53.000461;2023-06-30 17:10:53.000461;20;22;;Denmark;A;Hojlund;Atalanta
463;2023-06-30 17:10:53.000462;2023-06-30 17:10:53.000462;35;21;;Portugal;A;Beto;Udinese
464;2023-06-30 17:10:53.000463;2023-06-30 17:10:53.000463;22;20;;England;A;Abraham;Roma
465;2023-06-30 17:10:53.000464;2023-06-30 17:10:53.000464;35;20;;Italy;A;Cambiaghi;Empoli
466;2023-06-30 17:10:53.000465;2023-06-30 17:10:53.000465;28;19;;Italy;A;Ciofani D.;Cremonese
467;2023-06-30 17:10:53.000466;2023-06-30 17:10:53.000466;32;19;;Poland;A;Milik;Juventus
468;2023-06-30 17:10:53.000467;2023-06-30 17:10:53.000467;27;19;;Argentina;A;Di Maria;Juventus
469;2023-06-30 17:10:53.000468;2023-06-30 17:10:53.000468;23;18;;Ivory Coast;A;Boga;Atalanta
470;2023-06-30 17:10:53.000469;2023-06-30 17:10:53.000469;35;18;;Argentina;A;Gonzalez N.;Fiorentina
471;2023-06-30 17:10:53.000470;2023-06-30 17:10:53.000470;18;17;;Argentina;A;Simeone;Napoli
472;2023-06-30 17:10:53.000471;2023-06-30 17:10:53.000471;27;17;;Spain;A;Pedro;Lazio
473;2023-06-30 17:10:53.000472;2023-06-30 17:10:53.000472;28;16;;Colombia;A;Zapata D.;Atalanta
474;2023-06-30 17:10:53.000473;2023-06-30 17:10:53.000473;23;16;;Gambia;A;Ceesay;Lecce
475;2023-06-30 17:10:53.000474;2023-06-30 17:10:53.000474;34;16;;Spain;A;Mota;Monza
476;2023-06-30 17:10:53.000475;2023-06-30 17:10:53.000475;29;15;;Italy;A;Petagna;Monza
477;2023-06-30 17:10:53.000476;2023-06-30 17:10:53.000476;22;15;;Italy;A;Caprari;Monza
478;2023-06-30 17:10:53.000477;2023-06-30 17:10:53.000477;29;15;;France;A;Karamoh;Torino
479;2023-06-30 17:10:53.000478;2023-06-30 17:10:53.000478;33;15;;Ivory Coast;A;Kouame';Fiorentina
480;2023-06-30 17:10:53.000479;2023-06-30 17:10:53.000479;36;14;;Italy;A;Gabbiadini;Sampdoria
481;2023-06-30 17:10:53.000480;2023-06-30 17:10:53.000480;24;14;;Italy;A;Sansone;Bologna
482;2023-06-30 17:10:53.000481;2023-06-30 17:10:53.000481;33;14;;Spain;A;Deulofeu;Udinese
483;2023-06-30 17:10:53.000482;2023-06-30 17:10:53.000482;28;14;;Gambia;A;Barrow;Bologna
484;2023-06-30 17:10:53.000483;2023-06-30 17:10:53.000483;28;14;;Mexico;A;Lozano;Napoli
485;2023-06-30 17:10:53.000484;2023-06-30 17:10:53.000484;36;14;;Nigeria;A;Okereke;Cremonese
486;2023-06-30 17:10:53.000485;2023-06-30 17:10:53.000485;20;14;;Nigeria;A;Dessers;Cremonese
487;2023-06-30 17:10:53.000486;2023-06-30 17:10:53.000486;28;13;;Colombia;A;Muriel;Atalanta
488;2023-06-30 17:10:53.000487;2023-06-30 17:10:53.000487;34;13;;France;A;Thauvin;Udinese
489;2023-06-30 17:10:53.000488;2023-06-30 17:10:53.000488;23;13;;Poland;A;Piatek;Salernitana
490;2023-06-30 17:10:53.000489;2023-06-30 17:10:53.000489;21;13;;Italy;A;Caputo;Empoli
491;2023-06-30 17:10:53.000490;2023-06-30 17:10:53.000490;31;12;;Serbia;A;Jovic;Fiorentina
492;2023-06-30 17:10:53.000491;2023-06-30 17:10:53.000491;33;12;;Netherlands;A;Zirkzee;Bologna
493;2023-06-30 17:10:53.000492;2023-06-30 17:10:53.000492;38;12;;Italy;A;Tsadjout;Cremonese
494;2023-06-30 17:10:53.000493;2023-06-30 17:10:53.000493;26;11;;Argentina;A;Correa;Inter
495;2023-06-30 17:10:53.000494;2023-06-30 17:10:53.000494;32;11;;Italy;A;Kean;Juventus
496;2023-06-30 17:10:53.000495;2023-06-30 17:10:53.000495;27;11;;Croatia;A;Brekalo;Fiorentina
497;2023-06-30 17:10:53.000496;2023-06-30 17:10:53.000496;25;11;;Italy;A;Colombo;Lecce
498;2023-06-30 17:10:53.000497;2023-06-30 17:10:53.000497;32;11;;Zambia;A;Banda;Lecce
499;2023-06-30 17:10:53.000498;2023-06-30 17:10:53.000498;28;10;;Croatia;A;Rebic;Milan
500;2023-06-30 17:10:53.000499;2023-06-30 17:10:53.000499;20;10;;Italy;A;Verde;Spezia
501;2023-06-30 17:10:53.000500;2023-06-30 17:10:53.000500;37;10;;Italy;A;Di Francesco F.;Lecce
502;2023-06-30 17:10:53.000501;2023-06-30 17:10:53.000501;28;10;;Macedonia;A;Nestorovski;Udinese
503;2023-06-30 17:10:53.000502;2023-06-30 17:10:53.000502;37;10;;Italy;A;Raspadori;Napoli
504;2023-06-30 17:10:53.000503;2023-06-30 17:10:53.000503;18;9;;Italy;A;Bonazzoli;Salernitana
505;2023-06-30 17:10:53.000504;2023-06-30 17:10:53.000504;31;9;;Italy;A;Pinamonti;Sassuolo
506;2023-06-30 17:10:53.000505;2023-06-30 17:10:53.000505;29;9;;Nigeria;A;Success;Udinese
507;2023-06-30 17:10:53.000506;2023-06-30 17:10:53.000506;26;9;;Norway;A;Solbakken;Roma
508;2023-06-30 17:10:53.000507;2023-06-30 17:10:53.000507;33;8;;Italy;A;Piccoli;Empoli
509;2023-06-30 17:10:53.000508;2023-06-30 17:10:53.000508;35;8;;Netherlands;A;Lammers;Sampdoria
510;2023-06-30 17:10:53.000509;2023-06-30 17:10:53.000509;23;8;;Uruguay;A;Satriano;Empoli
511;2023-06-30 17:10:53.000510;2023-06-30 17:10:53.000510;29;8;;Bosnia;A;Djuric;Verona
512;2023-06-30 17:10:53.000511;2023-06-30 17:10:53.000511;28;8;;Norway;A;Botheim;Salernitana
513;2023-06-30 17:10:53.000512;2023-06-30 17:10:53.000512;29;7;;France;A;Defrel;Sassuolo
514;2023-06-30 17:10:53.000513;2023-06-30 17:10:53.000513;26;7;;Belgium;A;Origi;Milan
515;2023-06-30 17:10:53.000514;2023-06-30 17:10:53.000514;18;7;;Spain;A;Jese';Sampdoria
516;2023-06-30 17:10:53.000515;2023-06-30 17:10:53.000515;25;7;;Argentina;A;Gaich;Verona
517;2023-06-30 17:10:53.000516;2023-06-30 17:10:53.000516;19;7;;Argentina;A;Soule';Juventus
518;2023-06-30 17:10:53.000517;2023-06-30 17:10:53.000517;18;7;;Italy;A;Buonaiuto;Cremonese
519;2023-06-30 17:10:53.000518;2023-06-30 17:10:53.000518;30;7;;Belgium;A;Ngonge;Verona
520;2023-06-30 17:10:53.000519;2023-06-30 17:10:53.000519;22;6;;Italy;A;Belotti;Roma
521;2023-06-30 17:10:53.000520;2023-06-30 17:10:53.000520;31;6;;Italy;A;Quagliarella;Sampdoria
522;2023-06-30 17:10:53.000521;2023-06-30 17:10:53.000521;31;6;;Italy;A;Pellegri;Torino
523;2023-06-30 17:10:53.000522;2023-06-30 17:10:53.000522;22;6;;Uzbekistan;A;Shomurodov;Spezia
524;2023-06-30 17:10:53.000523;2023-06-30 17:10:53.000523;22;6;;Sierra Leone;A;Kallon;Verona
525;2023-06-30 17:10:53.000524;2023-06-30 17:10:53.000524;31;6;;Uruguay;A;Alvarez A.;Sassuolo
526;2023-06-30 17:10:53.000525;2023-06-30 17:10:53.000525;23;5;;Italy;A;Lasagna;Verona
527;2023-06-30 17:10:53.000526;2023-06-30 17:10:53.000526;37;5;;France;A;Henry;Verona
528;2023-06-30 17:10:53.000527;2023-06-30 17:10:53.000527;33;4;;Senegal;A;Seck;Torino
529;2023-06-30 17:10:53.000528;2023-06-30 17:10:53.000528;36;3;;Sweden;A;Ibrahimovic;Milan
530;2023-06-30 17:10:53.000529;2023-06-30 17:10:53.000529;21;3;;Ghana;A;Afena-Gyan;Cremonese
531;2023-06-30 17:10:53.000530;2023-06-30 17:10:53.000530;31;3;;Denmark;A;Gytkjaer;Monza
532;2023-06-30 17:10:53.000531;2023-06-30 17:10:53.000531;25;2;;Italy;A;Destro;Empoli
533;2023-06-30 17:10:53.000532;2023-06-30 17:10:53.000532;31;2;;Croatia;A;Pjaca;Empoli
534;2023-06-30 17:10:53.000533;2023-06-30 17:10:53.000533;27;2;;Chile;A;Valencia D.;Salernitana
535;2023-06-30 17:10:53.000534;2023-06-30 17:10:53.000534;36;1;;Argentina;A;Pussetto;Sampdoria
536;2023-06-30 17:10:53.000535;2023-06-30 17:10:53.000535;24;1;;Netherlands;A;Braaf;Verona
537;2023-06-30 17:10:53.000536;2023-06-30 17:10:53.000536;27;1;;Italy;A;Raimondo;Bologna
538;2023-06-30 17:10:53.000537;2023-06-30 17:10:53.000537;30;1;;Italy;A;Cancellieri;Lazio
539;2023-06-30 17:10:53.000538;2023-06-30 17:10:53.000538;20;1;;Brazil;A;Kaio Jorge;Juventus
540;2023-06-30 17:10:53.000539;2023-06-30 17:10:53.000539;35;1;;italy;A;De Luca;Sampdoria
541;2023-06-30 17:10:53.000540;2023-06-30 17:10:53.000540;27;1;;Sweden;A;Voelkerling Persson;Lecce
542;2023-06-30 17:10:53.000541;2023-06-30 17:10:53.000541;31;1;;Italy;A;Montevago;Sampdoria
543;2023-06-30 17:10:53.000542;2023-06-30 17:10:53.000542;20;1;;Lettonia;A;Krollis;Spezia
544;2023-06-30 17:10:53.000543;2023-06-30 17:10:53.000543;25;1;;Portugal;A;Vivaldo;Udinese
545;2023-06-30 17:10:53.000544;2023-06-30 17:10:53.000544;21;1;;Czech Republic;A;Vorlicky;Atalanta
