1;2023-06-30 17:10:53.000000;2023-06-30 17:10:53.000000;34;6.18;5.56;0;24;1;0;0;0;0;0;0;0;16;1
2;2023-06-30 17:10:53.000001;2023-06-30 17:10:53.000001;38;6.26;5.46;0;30;0;0;0;0;0;1;0;0;21;2
3;2023-06-30 17:10:53.000002;2023-06-30 17:10:53.000002;22;6.16;5.34;0;21;1;0;0;0;0;0;0;0;8;3
4;2023-06-30 17:10:53.000003;2023-06-30 17:10:53.000003;31;6.4;5.19;0;39;1;0;0;0;0;3;0;0;7;4
5;2023-06-30 17:10:53.000004;2023-06-30 17:10:53.000004;28;6.11;5.18;0;26;0;0;0;0;0;0;0;0;14;5
6;2023-06-30 17:10:53.000005;2023-06-30 17:10:53.000005;37;6.19;4.97;0;49;2;0;0;0;0;4;0;0;7;6
7;2023-06-30 17:10:53.000006;2023-06-30 17:10:53.000006;38;6.25;5.09;0;46;1;0;0;0;0;2;0;0;6;7
8;2023-06-30 17:10:53.000007;2023-06-30 17:10:53.000007;38;6.24;4.97;0;48;0;0;0;0;0;0;0;0;10;8
9;2023-06-30 17:10:53.000008;2023-06-30 17:10:53.000008;35;6;5.07;0;35;1;0;0;0;0;1;0;0;13;9
10;2023-06-30 17:10:53.000009;2023-06-30 17:10:53.000009;37;6.28;4.99;0;49;0;0;0;0;1;0;0;0;10;10
11;2023-06-30 17:10:53.000010;2023-06-30 17:10:53.000010;38;6.03;4.89;0;41;0;0;0;0;0;4;0;0;11;11
12;2023-06-30 17:10:53.000011;2023-06-30 17:10:53.000011;24;6.15;5.04;0;24;0;0;0;0;0;1;0;1;8;12
13;2023-06-30 17:10:53.000012;2023-06-30 17:10:53.000012;15;6.13;4.73;0;21;0;0;0;0;0;0;0;0;1;13
14;2023-06-30 17:10:53.000013;2023-06-30 17:10:53.000013;34;6.26;4.78;0;54;1;0;0;0;1;1;0;0;6;14
15;2023-06-30 17:10:53.000014;2023-06-30 17:10:53.000014;29;6;4.78;0;38;1;0;0;0;0;1;0;0;5;15
16;2023-06-30 17:10:53.000015;2023-06-30 17:10:53.000015;27;6.35;4.63;0;47;0;0;0;0;1;1;0;0;4;16
17;2023-06-30 17:10:53.000016;2023-06-30 17:10:53.000016;37;6.19;4.66;0;59;1;0;0;0;0;1;0;0;5;17
18;2023-06-30 17:10:53.000017;2023-06-30 17:10:53.000017;20;6.48;4.95;0;33;1;0;0;0;0;1;0;0;4;18
19;2023-06-30 17:10:53.000018;2023-06-30 17:10:53.000018;11;6.41;6.05;0;7;1;0;0;0;0;0;0;0;5;19
20;2023-06-30 17:10:53.000019;2023-06-30 17:10:53.000019;5;6.1;5.5;0;3;0;0;0;0;0;0;0;0;0;20
21;2023-06-30 17:10:53.000020;2023-06-30 17:10:53.000020;23;6.13;4.85;0;27;0;0;0;0;0;1;0;1;7;21
22;2023-06-30 17:10:53.000021;2023-06-30 17:10:53.000021;17;6.29;5.15;0;27;3;0;0;0;0;3;0;0;3;22
23;2023-06-30 17:10:53.000022;2023-06-30 17:10:53.000022;14;6.11;4.82;0;18;0;0;0;0;0;0;0;0;4;23
24;2023-06-30 17:10:53.000023;2023-06-30 17:10:53.000023;35;6.04;4.47;0;55;0;0;0;0;0;0;0;0;9;24
25;2023-06-30 17:10:53.000024;2023-06-30 17:10:53.000024;25;6.3;4.88;0;39;2;0;0;0;0;1;0;1;4;25
26;2023-06-30 17:10:53.000025;2023-06-30 17:10:53.000025;7;6.07;5.21;0;6;0;0;0;0;0;0;0;0;4;26
27;2023-06-30 17:10:53.000026;2023-06-30 17:10:53.000026;7;6.21;4.93;0;9;0;0;0;0;0;0;0;0;2;27
28;2023-06-30 17:10:53.000027;2023-06-30 17:10:53.000027;16;6;4.62;0;22;0;0;0;0;0;0;0;0;4;28
29;2023-06-30 17:10:53.000028;2023-06-30 17:10:53.000028;1;7;7;0;0;0;0;0;0;0;0;0;0;0;29
30;2023-06-30 17:10:53.000029;2023-06-30 17:10:53.000029;5;6.2;5.3;0;4;0;0;0;0;0;1;0;0;0;30
31;2023-06-30 17:10:53.000030;2023-06-30 17:10:53.000030;3;6;4.83;0;3;0;0;0;0;0;1;0;0;1;31
32;2023-06-30 17:10:53.000031;2023-06-30 17:10:53.000031;2;6.25;4.75;0;3;0;0;0;0;0;0;0;0;1;32
33;2023-06-30 17:10:53.000032;2023-06-30 17:10:53.000032;2;6.25;4.75;0;3;0;0;0;0;0;0;0;0;0;33
34;2023-06-30 17:10:53.000033;2023-06-30 17:10:53.000033;9;6.11;3.56;0;23;0;0;0;0;0;0;0;0;0;34
35;2023-06-30 17:10:53.000034;2023-06-30 17:10:53.000034;4;6.38;4.12;0;9;0;0;0;0;0;0;0;0;0;35
36;2023-06-30 17:10:53.000035;2023-06-30 17:10:53.000035;0;0;0;0;0;0;0;0;0;0;0;0;0;0;36
37;2023-06-30 17:10:53.000036;2023-06-30 17:10:53.000036;0;0;0;0;0;0;0;0;0;0;0;0;0;0;37
38;2023-06-30 17:10:53.000037;2023-06-30 17:10:53.000037;1;5.5;4.5;0;1;0;0;0;0;0;0;0;0;0;38
39;2023-06-30 17:10:53.000038;2023-06-30 17:10:53.000038;0;0;0;0;0;0;0;0;0;0;0;0;0;0;39
40;2023-06-30 17:10:53.000039;2023-06-30 17:10:53.000039;1;5.5;3.5;0;2;0;0;0;0;0;0;0;0;0;40
41;2023-06-30 17:10:53.000040;2023-06-30 17:10:53.000040;1;6.5;6.5;0;0;0;0;0;0;0;0;0;0;1;41
42;2023-06-30 17:10:53.000041;2023-06-30 17:10:53.000041;0;0;0;0;0;0;0;0;0;0;0;0;0;0;42
43;2023-06-30 17:10:53.000042;2023-06-30 17:10:53.000042;1;6;6;0;0;0;0;0;0;0;0;0;0;0;43
44;2023-06-30 17:10:53.000043;2023-06-30 17:10:53.000043;0;0;0;0;0;0;0;0;0;0;0;0;0;0;44
45;2023-06-30 17:10:53.000044;2023-06-30 17:10:53.000044;1;6;4;0;2;0;0;0;0;0;0;0;0;0;45
46;2023-06-30 17:10:53.000045;2023-06-30 17:10:53.000045;1;5;2;0;3;0;0;0;0;0;0;0;0;0;46
47;2023-06-30 17:10:53.000046;2023-06-30 17:10:53.000046;1;6.5;6.5;0;0;0;0;0;0;0;0;0;0;1;47
48;2023-06-30 17:10:53.000047;2023-06-30 17:10:53.000047;0;0;0;0;0;0;0;0;0;0;0;0;0;0;48
49;2023-06-30 17:10:53.000048;2023-06-30 17:10:53.000048;0;0;0;0;0;0;0;0;0;0;0;0;0;0;49
50;2023-06-30 17:10:53.000049;2023-06-30 17:10:53.000049;0;0;0;0;0;0;0;0;0;0;0;0;0;0;50
51;2023-06-30 17:10:53.000050;2023-06-30 17:10:53.000050;0;0;0;0;0;0;0;0;0;0;0;0;0;0;51
52;2023-06-30 17:10:53.000051;2023-06-30 17:10:53.000051;0;0;0;0;0;0;0;0;0;0;0;0;0;0;52
53;2023-06-30 17:10:53.000052;2023-06-30 17:10:53.000052;1;5;2;0;3;0;0;0;0;0;0;0;0;0;53
54;2023-06-30 17:10:53.000053;2023-06-30 17:10:53.000053;0;0;0;0;0;0;0;0;0;0;0;0;0;0;54
55;2023-06-30 17:10:53.000054;2023-06-30 17:10:53.000054;0;0;0;0;0;0;0;0;0;0;0;0;0;0;55
56;2023-06-30 17:10:53.000055;2023-06-30 17:10:53.000055;0;0;0;0;0;0;0;0;0;0;0;0;0;0;56
57;2023-06-30 17:10:53.000056;2023-06-30 17:10:53.000056;0;0;0;0;0;0;0;0;0;0;0;0;0;0;57
58;2023-06-30 17:10:53.000057;2023-06-30 17:10:53.000057;1;5.5;3.5;0;2;0;0;0;0;0;0;0;0;0;58
59;2023-06-30 17:10:53.000058;2023-06-30 17:10:53.000058;0;0;0;0;0;0;0;0;0;0;0;0;0;0;59
60;2023-06-30 17:10:53.000059;2023-06-30 17:10:53.000059;0;0;0;0;0;0;0;0;0;0;0;0;0;0;60
61;2023-06-30 17:10:53.000060;2023-06-30 17:10:53.000060;1;4;3;0;0;0;0;0;0;0;0;1;0;0;61
62;2023-06-30 17:10:53.000061;2023-06-30 17:10:53.000061;0;0;0;0;0;0;0;0;0;0;0;0;0;0;62
63;2023-06-30 17:10:53.000062;2023-06-30 17:10:53.000062;0;0;0;0;0;0;0;0;0;0;0;0;0;0;63
64;2023-06-30 17:10:53.000063;2023-06-30 17:10:53.000063;0;0;0;0;0;0;0;0;0;0;0;0;0;0;64
65;2023-06-30 17:10:53.000064;2023-06-30 17:10:53.000064;0;0;0;0;0;0;0;0;0;0;0;0;0;0;65
66;2023-06-30 17:10:53.000065;2023-06-30 17:10:53.000065;0;0;0;0;0;0;0;0;0;0;0;0;0;0;66
67;2023-06-30 17:10:53.000066;2023-06-30 17:10:53.000066;35;6.16;6.76;6;0;0;0;0;0;5;4;0;0;0;67
68;2023-06-30 17:10:53.000067;2023-06-30 17:10:53.000067;33;6.21;6.7;4;0;0;0;0;0;4;0;0;0;0;68
69;2023-06-30 17:10:53.000068;2023-06-30 17:10:53.000068;30;6.12;6.68;6;0;0;0;0;0;2;6;0;0;0;69
70;2023-06-30 17:10:53.000069;2023-06-30 17:10:53.000069;37;6.26;6.58;3;0;0;0;0;0;4;2;0;0;0;70
71;2023-06-30 17:10:53.000070;2023-06-30 17:10:53.000070;21;6.12;6.64;4;0;0;0;0;0;1;4;0;0;0;71
72;2023-06-30 17:10:53.000071;2023-06-30 17:10:53.000071;37;6.2;6.46;3;0;0;0;0;0;3;5;0;0;0;72
73;2023-06-30 17:10:53.000072;2023-06-30 17:10:53.000072;32;6.31;6.52;3;0;0;0;0;0;1;7;0;0;0;73
74;2023-06-30 17:10:53.000073;2023-06-30 17:10:53.000073;35;6.27;6.43;2;0;0;0;0;0;2;5;0;0;0;74
75;2023-06-30 17:10:53.000074;2023-06-30 17:10:53.000074;34;6.21;6.29;2;0;0;0;0;0;0;6;0;0;0;75
76;2023-06-30 17:10:53.000075;2023-06-30 17:10:53.000075;32;6.11;6.41;4;0;0;1;1;0;3;7;0;1;0;76
77;2023-06-30 17:10:53.000076;2023-06-30 17:10:53.000076;32;6.08;6.41;3;0;0;0;0;0;4;5;0;0;0;77
78;2023-06-30 17:10:53.000077;2023-06-30 17:10:53.000077;25;6.06;6.46;2;0;0;0;0;0;4;0;0;0;0;78
79;2023-06-30 17:10:53.000078;2023-06-30 17:10:53.000078;27;6.17;6.46;2;0;0;0;0;0;3;2;0;0;0;79
80;2023-06-30 17:10:53.000079;2023-06-30 17:10:53.000079;37;6.08;6.31;2;0;0;0;0;0;4;3;0;0;0;80
81;2023-06-30 17:10:53.000080;2023-06-30 17:10:53.000080;28;6.14;6.36;2;0;0;0;0;0;1;2;0;0;0;81
82;2023-06-30 17:10:53.000081;2023-06-30 17:10:53.000081;20;6;6.32;2;0;0;0;0;0;2;3;0;0;0;82
83;2023-06-30 17:10:53.000082;2023-06-30 17:10:53.000082;21;6.07;6.52;2;0;0;0;0;0;4;1;0;0;0;83
84;2023-06-30 17:10:53.000083;2023-06-30 17:10:53.000083;25;5.96;6.3;3;0;0;0;0;0;0;2;0;0;0;84
85;2023-06-30 17:10:53.000084;2023-06-30 17:10:53.000084;34;6.12;6.15;1;0;0;0;0;0;2;8;0;0;0;85
86;2023-06-30 17:10:53.000085;2023-06-30 17:10:53.000085;30;6.05;6.35;4;0;0;0;0;0;0;6;0;0;0;86
87;2023-06-30 17:10:53.000086;2023-06-30 17:10:53.000086;37;6.07;6.23;3;0;0;0;0;0;0;6;0;0;0;87
88;2023-06-30 17:10:53.000087;2023-06-30 17:10:53.000087;29;6.21;6.19;0;0;0;0;0;0;2;5;0;0;0;88
89;2023-06-30 17:10:53.000088;2023-06-30 17:10:53.000088;26;6.04;6.25;1;0;0;0;0;0;4;3;0;0;0;89
90;2023-06-30 17:10:53.000089;2023-06-30 17:10:53.000089;35;6.11;6.16;1;0;0;0;0;0;2;7;0;0;0;90
91;2023-06-30 17:10:53.000090;2023-06-30 17:10:53.000090;33;6.08;6.09;1;0;0;0;0;0;0;5;0;0;0;91
92;2023-06-30 17:10:53.000091;2023-06-30 17:10:53.000091;33;6.14;6.14;2;0;0;0;0;0;0;10;1;0;0;92
93;2023-06-30 17:10:53.000092;2023-06-30 17:10:53.000092;24;6.02;6.27;2;0;0;0;0;0;1;2;0;0;0;93
94;2023-06-30 17:10:53.000093;2023-06-30 17:10:53.000093;30;5.97;6.05;1;0;0;0;0;0;1;3;0;0;0;94
95;2023-06-30 17:10:53.000094;2023-06-30 17:10:53.000094;32;6.05;6.19;2;0;0;1;0;1;4;1;0;1;0;95
96;2023-06-30 17:10:53.000095;2023-06-30 17:10:53.000095;36;5.93;6.01;2;0;0;0;0;0;0;2;2;0;0;96
97;2023-06-30 17:10:53.000096;2023-06-30 17:10:53.000096;32;5.98;6.05;2;0;0;0;0;0;0;8;0;0;0;97
98;2023-06-30 17:10:53.000097;2023-06-30 17:10:53.000097;29;6.12;6.14;0;0;0;0;0;0;2;3;0;0;0;98
99;2023-06-30 17:10:53.000098;2023-06-30 17:10:53.000098;33;5.95;6.05;2;0;0;0;0;0;1;8;0;0;0;99
100;2023-06-30 17:10:53.000099;2023-06-30 17:10:53.000099;27;6.06;6.19;1;0;0;0;0;0;2;3;0;0;0;100
101;2023-06-30 17:10:53.000100;2023-06-30 17:10:53.000100;37;5.84;6.09;2;0;0;0;0;0;5;3;0;0;0;101
102;2023-06-30 17:10:53.000101;2023-06-30 17:10:53.000101;18;6.14;6.5;2;0;0;0;0;0;4;7;0;0;0;102
103;2023-06-30 17:10:53.000102;2023-06-30 17:10:53.000102;30;5.93;6.18;3;0;0;0;0;0;2;5;1;0;0;103
104;2023-06-30 17:10:53.000103;2023-06-30 17:10:53.000103;29;6;6.03;1;0;0;0;0;0;1;6;0;0;0;104
105;2023-06-30 17:10:53.000104;2023-06-30 17:10:53.000104;34;5.91;6;1;0;0;0;0;0;4;4;0;1;0;105
106;2023-06-30 17:10:53.000105;2023-06-30 17:10:53.000105;32;5.95;6.03;2;0;0;0;0;0;0;7;0;0;0;106
107;2023-06-30 17:10:53.000106;2023-06-30 17:10:53.000106;33;6.02;6;2;0;0;0;0;0;0;7;1;1;0;107
108;2023-06-30 17:10:53.000107;2023-06-30 17:10:53.000107;32;5.88;6.03;3;0;0;0;0;0;1;10;0;0;0;108
109;2023-06-30 17:10:53.000108;2023-06-30 17:10:53.000108;22;6.11;6.25;0;0;0;0;0;0;5;2;1;0;0;109
110;2023-06-30 17:10:53.000109;2023-06-30 17:10:53.000109;31;6;5.97;0;0;0;0;0;0;1;4;0;0;0;110
111;2023-06-30 17:10:53.000110;2023-06-30 17:10:53.000110;21;5.95;6.17;2;0;0;0;0;0;2;7;0;0;0;111
112;2023-06-30 17:10:53.000111;2023-06-30 17:10:53.000111;27;5.94;6.06;2;0;0;0;0;0;1;4;0;1;0;112
113;2023-06-30 17:10:53.000112;2023-06-30 17:10:53.000112;34;6;5.96;0;0;0;0;0;0;0;3;0;0;0;113
114;2023-06-30 17:10:53.000113;2023-06-30 17:10:53.000113;30;6.02;6.03;1;0;0;0;0;0;0;5;0;0;0;114
115;2023-06-30 17:10:53.000114;2023-06-30 17:10:53.000114;21;6.05;6.21;1;0;0;0;0;0;3;5;0;0;0;115
116;2023-06-30 17:10:53.000115;2023-06-30 17:10:53.000115;28;5.93;6.04;2;0;0;0;0;0;1;8;0;0;0;116
117;2023-06-30 17:10:53.000116;2023-06-30 17:10:53.000116;29;5.93;5.97;1;0;0;0;0;0;0;4;0;0;0;117
118;2023-06-30 17:10:53.000117;2023-06-30 17:10:53.000117;31;5.97;6.03;0;0;0;0;0;0;3;2;0;0;0;118
119;2023-06-30 17:10:53.000118;2023-06-30 17:10:53.000118;33;5.88;5.98;1;0;0;0;0;0;3;3;1;0;0;119
120;2023-06-30 17:10:53.000119;2023-06-30 17:10:53.000119;11;5.91;6.36;2;0;0;0;0;0;0;2;0;0;0;120
121;2023-06-30 17:10:53.000120;2023-06-30 17:10:53.000120;29;6.03;5.97;1;0;0;0;0;0;0;10;0;0;0;121
122;2023-06-30 17:10:53.000121;2023-06-30 17:10:53.000121;23;5.96;6.09;1;0;0;0;0;0;3;6;0;0;0;122
123;2023-06-30 17:10:53.000122;2023-06-30 17:10:53.000122;21;5.79;5.57;0;0;0;0;0;0;0;3;1;1;0;123
124;2023-06-30 17:10:53.000123;2023-06-30 17:10:53.000123;31;5.87;5.95;2;0;0;0;0;0;2;11;0;0;0;124
125;2023-06-30 17:10:53.000124;2023-06-30 17:10:53.000124;17;6.03;6.21;1;0;0;0;0;0;1;2;0;0;0;125
126;2023-06-30 17:10:53.000125;2023-06-30 17:10:53.000125;28;6.05;6;2;0;0;0;0;0;1;11;1;1;0;126
127;2023-06-30 17:10:53.000126;2023-06-30 17:10:53.000126;25;5.78;5.94;2;0;0;0;0;0;0;4;0;0;0;127
128;2023-06-30 17:10:53.000127;2023-06-30 17:10:53.000127;30;5.93;6.03;2;0;0;0;0;0;0;6;0;0;0;128
129;2023-06-30 17:10:53.000128;2023-06-30 17:10:53.000128;12;6.08;6.25;1;0;0;0;0;0;0;2;0;0;0;129
130;2023-06-30 17:10:53.000129;2023-06-30 17:10:53.000129;11;6.05;6;1;0;0;1;0;1;0;1;0;0;0;130
131;2023-06-30 17:10:53.000130;2023-06-30 17:10:53.000130;25;5.94;5.98;1;0;0;0;0;0;0;4;0;0;0;131
132;2023-06-30 17:10:53.000131;2023-06-30 17:10:53.000131;22;5.91;5.89;0;0;0;0;0;0;1;3;0;0;0;132
133;2023-06-30 17:10:53.000132;2023-06-30 17:10:53.000132;33;6.02;5.92;0;0;0;0;0;0;2;8;1;0;0;133
134;2023-06-30 17:10:53.000133;2023-06-30 17:10:53.000133;32;5.77;5.81;1;0;0;0;0;0;0;3;0;0;0;134
135;2023-06-30 17:10:53.000134;2023-06-30 17:10:53.000134;33;5.79;5.83;3;0;0;0;0;0;0;9;1;1;0;135
136;2023-06-30 17:10:53.000135;2023-06-30 17:10:53.000135;32;5.75;5.78;1;0;0;0;0;0;0;4;0;0;0;136
137;2023-06-30 17:10:53.000136;2023-06-30 17:10:53.000136;27;5.85;5.98;0;0;0;0;0;0;5;3;0;0;0;137
138;2023-06-30 17:10:53.000137;2023-06-30 17:10:53.000137;8;6.06;6.06;0;0;0;0;0;0;0;0;0;0;0;138
139;2023-06-30 17:10:53.000138;2023-06-30 17:10:53.000138;27;5.94;5.98;1;0;0;0;0;0;1;6;0;0;0;139
140;2023-06-30 17:10:53.000139;2023-06-30 17:10:53.000139;36;5.88;5.85;0;0;0;0;0;0;1;4;0;0;0;140
141;2023-06-30 17:10:53.000140;2023-06-30 17:10:53.000140;32;5.94;5.8;0;0;0;0;0;0;0;9;0;0;0;141
142;2023-06-30 17:10:53.000141;2023-06-30 17:10:53.000141;17;6.12;6.09;0;0;0;0;0;0;0;1;0;0;0;142
143;2023-06-30 17:10:53.000142;2023-06-30 17:10:53.000142;23;6;5.93;0;0;0;0;0;0;1;5;0;0;0;143
144;2023-06-30 17:10:53.000143;2023-06-30 17:10:53.000143;35;5.77;5.76;0;0;0;0;0;0;3;5;1;0;0;144
145;2023-06-30 17:10:53.000144;2023-06-30 17:10:53.000144;24;5.98;5.81;0;0;0;0;0;0;0;8;0;0;0;145
146;2023-06-30 17:10:53.000145;2023-06-30 17:10:53.000145;8;5.94;6.25;1;0;0;0;0;0;0;1;0;0;0;146
147;2023-06-30 17:10:53.000146;2023-06-30 17:10:53.000146;34;5.69;5.63;1;0;0;0;0;0;0;8;1;0;0;147
148;2023-06-30 17:10:53.000147;2023-06-30 17:10:53.000147;22;5.95;5.98;1;0;0;0;0;0;0;5;0;0;0;148
149;2023-06-30 17:10:53.000148;2023-06-30 17:10:53.000148;20;6;6.05;0;0;0;0;0;0;3;4;0;0;0;149
150;2023-06-30 17:10:53.000149;2023-06-30 17:10:53.000149;15;6;6.1;1;0;0;0;0;0;1;5;0;0;0;150
151;2023-06-30 17:10:53.000150;2023-06-30 17:10:53.000150;31;5.92;5.77;0;0;0;0;0;0;1;9;1;0;0;151
152;2023-06-30 17:10:53.000151;2023-06-30 17:10:53.000151;23;5.78;5.76;1;0;0;0;0;0;0;7;0;0;0;152
153;2023-06-30 17:10:53.000152;2023-06-30 17:10:53.000152;30;5.75;5.77;0;0;0;0;0;0;3;5;0;0;0;153
154;2023-06-30 17:10:53.000153;2023-06-30 17:10:53.000153;24;5.81;5.9;1;0;0;0;0;0;1;4;0;0;0;154
155;2023-06-30 17:10:53.000154;2023-06-30 17:10:53.000154;21;5.79;5.93;2;0;0;0;0;0;0;7;0;0;0;155
156;2023-06-30 17:10:53.000155;2023-06-30 17:10:53.000155;19;5.92;5.79;0;0;0;0;0;0;0;5;0;0;0;156
157;2023-06-30 17:10:53.000156;2023-06-30 17:10:53.000156;13;5.96;5.96;0;0;0;0;0;0;2;2;1;0;0;157
158;2023-06-30 17:10:53.000157;2023-06-30 17:10:53.000157;23;5.93;5.87;0;0;0;0;0;0;1;5;0;0;0;158
159;2023-06-30 17:10:53.000158;2023-06-30 17:10:53.000158;13;5.92;5.96;1;0;0;0;0;0;0;1;0;1;0;159
160;2023-06-30 17:10:53.000159;2023-06-30 17:10:53.000159;20;5.88;5.9;2;0;0;0;0;0;0;9;1;0;0;160
161;2023-06-30 17:10:53.000160;2023-06-30 17:10:53.000160;27;5.8;5.81;1;0;0;0;0;0;0;5;0;0;0;161
162;2023-06-30 17:10:53.000161;2023-06-30 17:10:53.000161;19;5.97;6.21;2;0;0;0;0;0;0;3;0;0;0;162
163;2023-06-30 17:10:53.000162;2023-06-30 17:10:53.000162;16;6;6.09;1;0;0;0;0;0;1;5;0;0;0;163
164;2023-06-30 17:10:53.000163;2023-06-30 17:10:53.000163;8;6.25;6.19;0;0;0;0;0;0;0;1;0;0;0;164
165;2023-06-30 17:10:53.000164;2023-06-30 17:10:53.000164;31;5.69;5.68;0;0;0;0;0;0;1;3;0;0;0;165
166;2023-06-30 17:10:53.000165;2023-06-30 17:10:53.000165;31;5.82;5.65;0;0;0;0;0;0;1;3;1;2;0;166
167;2023-06-30 17:10:53.000166;2023-06-30 17:10:53.000166;11;6;6;0;0;0;0;0;0;0;0;0;0;0;167
168;2023-06-30 17:10:53.000167;2023-06-30 17:10:53.000167;23;6;5.89;0;0;0;0;0;0;0;3;1;0;0;168
169;2023-06-30 17:10:53.000168;2023-06-30 17:10:53.000168;25;6;5.86;0;0;0;0;0;0;0;3;0;1;0;169
170;2023-06-30 17:10:53.000169;2023-06-30 17:10:53.000169;7;5.86;6.29;1;0;0;0;0;0;0;0;0;0;0;170
171;2023-06-30 17:10:53.000170;2023-06-30 17:10:53.000170;27;5.69;5.63;1;0;0;0;0;0;1;9;1;0;0;171
172;2023-06-30 17:10:53.000171;2023-06-30 17:10:53.000171;18;6.06;6.17;1;0;0;0;0;0;1;4;0;0;0;172
173;2023-06-30 17:10:53.000172;2023-06-30 17:10:53.000172;16;5.94;5.81;0;0;0;0;0;0;0;4;0;0;0;173
174;2023-06-30 17:10:53.000173;2023-06-30 17:10:53.000173;30;5.83;5.77;0;0;0;0;0;0;2;8;0;0;0;174
175;2023-06-30 17:10:53.000174;2023-06-30 17:10:53.000174;10;6;6;0;0;0;0;0;0;1;4;0;0;0;175
176;2023-06-30 17:10:53.000175;2023-06-30 17:10:53.000175;13;5.88;5.92;0;0;0;0;0;0;1;3;0;0;0;176
177;2023-06-30 17:10:53.000176;2023-06-30 17:10:53.000176;33;5.83;5.68;0;0;0;0;0;0;1;8;0;1;0;177
178;2023-06-30 17:10:53.000177;2023-06-30 17:10:53.000177;27;5.7;5.59;0;0;0;0;0;0;0;6;0;0;0;178
179;2023-06-30 17:10:53.000178;2023-06-30 17:10:53.000178;15;6;5.8;0;0;0;0;0;0;0;2;0;1;0;179
180;2023-06-30 17:10:53.000179;2023-06-30 17:10:53.000179;14;5.82;5.75;1;0;0;0;0;0;0;4;0;1;0;180
181;2023-06-30 17:10:53.000180;2023-06-30 17:10:53.000180;13;5.73;5.65;0;0;0;0;0;0;0;2;0;0;0;181
182;2023-06-30 17:10:53.000181;2023-06-30 17:10:53.000181;26;6;5.77;0;0;0;0;0;0;0;8;0;1;0;182
183;2023-06-30 17:10:53.000182;2023-06-30 17:10:53.000182;24;5.75;5.69;0;0;0;0;0;0;1;5;0;0;0;183
184;2023-06-30 17:10:53.000183;2023-06-30 17:10:53.000183;23;5.63;5.7;1;0;0;0;0;0;1;5;0;0;0;184
185;2023-06-30 17:10:53.000184;2023-06-30 17:10:53.000184;24;5.81;5.58;0;0;0;0;0;0;1;7;1;1;0;185
186;2023-06-30 17:10:53.000185;2023-06-30 17:10:53.000185;6;5.75;6;1;0;0;0;0;0;0;1;1;0;0;186
187;2023-06-30 17:10:53.000186;2023-06-30 17:10:53.000186;26;5.73;5.54;0;0;0;0;0;0;0;8;1;0;0;187
188;2023-06-30 17:10:53.000187;2023-06-30 17:10:53.000187;22;5.8;5.8;1;0;0;0;0;0;1;6;1;0;0;188
189;2023-06-30 17:10:53.000188;2023-06-30 17:10:53.000188;21;5.81;5.69;0;0;0;0;0;0;1;5;1;0;0;189
190;2023-06-30 17:10:53.000189;2023-06-30 17:10:53.000189;23;5.7;5.67;0;0;0;0;0;0;1;3;0;0;0;190
191;2023-06-30 17:10:53.000190;2023-06-30 17:10:53.000190;30;5.65;5.53;0;0;0;0;0;0;0;5;1;0;0;191
192;2023-06-30 17:10:53.000191;2023-06-30 17:10:53.000191;27;5.69;5.5;0;0;0;0;0;0;0;10;0;0;0;192
193;2023-06-30 17:10:53.000192;2023-06-30 17:10:53.000192;22;5.61;5.55;0;0;0;0;0;0;0;3;0;0;0;193
194;2023-06-30 17:10:53.000193;2023-06-30 17:10:53.000193;11;5.73;5.5;1;0;0;0;0;0;0;3;0;2;0;194
195;2023-06-30 17:10:53.000194;2023-06-30 17:10:53.000194;11;5.82;6;1;0;0;0;0;0;1;4;0;0;0;195
196;2023-06-30 17:10:53.000195;2023-06-30 17:10:53.000195;7;6;6;0;0;0;0;0;0;0;0;0;0;0;196
197;2023-06-30 17:10:53.000196;2023-06-30 17:10:53.000196;17;5.76;5.76;0;0;0;0;0;0;0;0;0;0;0;197
198;2023-06-30 17:10:53.000197;2023-06-30 17:10:53.000197;25;5.58;5.6;1;0;0;0;0;0;0;5;0;0;0;198
199;2023-06-30 17:10:53.000198;2023-06-30 17:10:53.000198;23;5.61;5.52;0;0;0;0;0;0;1;4;1;0;0;199
200;2023-06-30 17:10:53.000199;2023-06-30 17:10:53.000199;17;5.56;5.47;0;0;0;0;0;0;0;3;0;0;0;200
201;2023-06-30 17:10:53.000200;2023-06-30 17:10:53.000200;17;5.71;5.71;0;0;0;0;0;0;1;2;0;0;0;201
202;2023-06-30 17:10:53.000201;2023-06-30 17:10:53.000201;17;5.88;5.91;1;0;0;0;0;0;1;7;0;0;0;202
203;2023-06-30 17:10:53.000202;2023-06-30 17:10:53.000202;16;5.72;5.66;0;0;0;0;0;0;0;2;0;0;0;203
204;2023-06-30 17:10:53.000203;2023-06-30 17:10:53.000203;5;5.9;5.7;0;0;0;0;0;0;0;2;0;0;0;204
205;2023-06-30 17:10:53.000204;2023-06-30 17:10:53.000204;24;5.73;5.46;0;0;0;0;0;0;0;7;1;1;0;205
206;2023-06-30 17:10:53.000205;2023-06-30 17:10:53.000205;14;5.96;5.82;0;0;0;0;0;0;0;4;0;0;0;206
207;2023-06-30 17:10:53.000206;2023-06-30 17:10:53.000206;3;6.17;5.83;0;0;0;0;0;0;0;3;0;0;0;207
208;2023-06-30 17:10:53.000207;2023-06-30 17:10:53.000207;9;5.89;5.89;0;0;0;0;0;0;0;0;0;0;0;208
209;2023-06-30 17:10:53.000208;2023-06-30 17:10:53.000208;14;5.71;5.61;0;0;0;0;0;0;0;3;0;0;0;209
210;2023-06-30 17:10:53.000209;2023-06-30 17:10:53.000209;14;5.57;5.5;0;0;0;0;0;0;0;2;0;0;0;210
211;2023-06-30 17:10:53.000210;2023-06-30 17:10:53.000210;27;5.7;5.59;0;0;0;0;0;0;0;2;0;1;0;211
212;2023-06-30 17:10:53.000211;2023-06-30 17:10:53.000211;2;6;6;0;0;0;0;0;0;0;0;0;0;0;212
213;2023-06-30 17:10:53.000212;2023-06-30 17:10:53.000212;16;5.81;5.66;0;0;0;0;0;0;0;5;0;0;0;213
214;2023-06-30 17:10:53.000213;2023-06-30 17:10:53.000213;10;5.65;5.6;0;0;0;0;0;0;0;1;0;0;0;214
215;2023-06-30 17:10:53.000214;2023-06-30 17:10:53.000214;16;5.75;5.75;0;0;0;0;0;0;1;0;1;0;0;215
216;2023-06-30 17:10:53.000215;2023-06-30 17:10:53.000215;1;6.5;6.5;0;0;0;0;0;0;0;0;0;0;0;216
217;2023-06-30 17:10:53.000216;2023-06-30 17:10:53.000216;1;6.5;6.5;0;0;0;0;0;0;0;0;0;0;0;217
218;2023-06-30 17:10:53.000217;2023-06-30 17:10:53.000217;9;5.89;5.72;0;0;0;0;0;0;0;3;0;0;0;218
219;2023-06-30 17:10:53.000218;2023-06-30 17:10:53.000218;6;5.83;5.58;0;0;0;0;0;0;0;3;0;0;0;219
220;2023-06-30 17:10:53.000219;2023-06-30 17:10:53.000219;1;5.5;5.5;0;0;0;0;0;0;0;0;0;0;0;220
221;2023-06-30 17:10:53.000220;2023-06-30 17:10:53.000220;1;5.5;5.5;0;0;0;0;0;0;0;0;0;0;0;221
222;2023-06-30 17:10:53.000221;2023-06-30 17:10:53.000221;16;5.53;5.22;0;0;0;0;0;0;0;4;1;1;0;222
223;2023-06-30 17:10:53.000222;2023-06-30 17:10:53.000222;14;5.71;5.71;0;0;0;0;0;0;1;2;0;0;0;223
224;2023-06-30 17:10:53.000223;2023-06-30 17:10:53.000223;12;5.67;5.79;1;0;0;0;0;0;0;1;1;0;0;224
225;2023-06-30 17:10:53.000224;2023-06-30 17:10:53.000224;12;5.71;5.71;0;0;0;0;0;0;0;0;0;0;0;225
226;2023-06-30 17:10:53.000225;2023-06-30 17:10:53.000225;5;6.1;6;0;0;0;0;0;0;0;1;0;0;0;226
227;2023-06-30 17:10:53.000226;2023-06-30 17:10:53.000226;1;5.5;5.5;0;0;0;0;0;0;0;0;0;0;0;227
228;2023-06-30 17:10:53.000227;2023-06-30 17:10:53.000227;8;5.81;5.94;1;0;0;0;0;0;0;2;1;0;0;228
229;2023-06-30 17:10:53.000228;2023-06-30 17:10:53.000228;9;5.5;5.39;0;0;0;0;0;0;0;2;0;0;0;229
230;2023-06-30 17:10:53.000229;2023-06-30 17:10:53.000229;7;6.07;6;0;0;0;0;0;0;0;1;0;0;0;230
231;2023-06-30 17:10:53.000230;2023-06-30 17:10:53.000230;4;5.5;5.5;0;0;0;0;0;0;0;0;0;0;0;231
232;2023-06-30 17:10:53.000231;2023-06-30 17:10:53.000231;7;5.64;5.64;0;0;0;0;0;0;0;0;0;0;0;232
233;2023-06-30 17:10:53.000232;2023-06-30 17:10:53.000232;10;5.85;5.8;0;0;0;0;0;0;1;3;0;0;0;233
234;2023-06-30 17:10:53.000233;2023-06-30 17:10:53.000233;6;5.42;5.25;0;0;0;0;0;0;0;2;0;0;0;234
235;2023-06-30 17:10:53.000234;2023-06-30 17:10:53.000234;9;6;5.89;0;0;0;0;0;0;0;2;0;0;0;235
236;2023-06-30 17:10:53.000235;2023-06-30 17:10:53.000235;12;5.75;5.88;0;0;0;0;0;0;3;3;0;0;0;236
237;2023-06-30 17:10:53.000236;2023-06-30 17:10:53.000236;21;5.64;5.21;0;0;0;0;0;0;0;9;3;1;0;237
238;2023-06-30 17:10:53.000237;2023-06-30 17:10:53.000237;6;6;5.92;0;0;0;0;0;0;0;1;0;0;0;238
239;2023-06-30 17:10:53.000238;2023-06-30 17:10:53.000238;2;5.5;5.5;0;0;0;0;0;0;0;0;0;0;0;239
240;2023-06-30 17:10:53.000239;2023-06-30 17:10:53.000239;1;5.5;5.5;0;0;0;0;0;0;0;0;0;0;0;240
241;2023-06-30 17:10:53.000240;2023-06-30 17:10:53.000240;2;6;6;0;0;0;0;0;0;0;0;0;0;0;241
242;2023-06-30 17:10:53.000241;2023-06-30 17:10:53.000241;21;5.57;5.43;0;0;0;0;0;0;0;4;1;0;0;242
243;2023-06-30 17:10:53.000242;2023-06-30 17:10:53.000242;1;6;6;0;0;0;0;0;0;0;0;0;0;0;243
244;2023-06-30 17:10:53.000243;2023-06-30 17:10:53.000243;4;5.62;5.62;0;0;0;0;0;0;0;0;0;0;0;244
245;2023-06-30 17:10:53.000244;2023-06-30 17:10:53.000244;2;5.75;5.75;0;0;0;0;0;0;0;0;0;0;0;245
246;2023-06-30 17:10:53.000245;2023-06-30 17:10:53.000245;0;0;0;0;0;0;0;0;0;0;0;0;0;0;246
247;2023-06-30 17:10:53.000246;2023-06-30 17:10:53.000246;4;5.88;5.75;0;0;0;0;0;0;0;1;0;0;0;247
248;2023-06-30 17:10:53.000247;2023-06-30 17:10:53.000247;3;5.83;5.83;0;0;0;0;0;0;0;1;0;0;0;248
249;2023-06-30 17:10:53.000248;2023-06-30 17:10:53.000248;0;0;0;0;0;0;0;0;0;0;0;0;0;0;249
250;2023-06-30 17:10:53.000249;2023-06-30 17:10:53.000249;16;5.44;5.12;0;0;0;0;0;0;0;6;0;1;0;250
251;2023-06-30 17:10:53.000250;2023-06-30 17:10:53.000250;0;0;0;0;0;0;0;0;0;0;0;0;0;0;251
252;2023-06-30 17:10:53.000251;2023-06-30 17:10:53.000251;5;5.4;5.1;0;0;0;0;0;0;0;1;1;0;0;252
253;2023-06-30 17:10:53.000252;2023-06-30 17:10:53.000252;0;0;0;0;0;0;0;0;0;0;0;0;0;0;253
254;2023-06-30 17:10:53.000253;2023-06-30 17:10:53.000253;4;5.88;5.75;0;0;0;0;0;0;0;1;0;0;0;254
255;2023-06-30 17:10:53.000254;2023-06-30 17:10:53.000254;0;0;0;0;0;0;0;0;0;0;0;0;0;0;255
256;2023-06-30 17:10:53.000255;2023-06-30 17:10:53.000255;8;5.81;5.81;0;0;0;0;0;0;0;0;0;0;0;256
257;2023-06-30 17:10:53.000256;2023-06-30 17:10:53.000256;13;5.73;5.62;0;0;0;0;0;0;0;3;0;0;0;257
258;2023-06-30 17:10:53.000257;2023-06-30 17:10:53.000257;1;6;6;0;0;0;0;0;0;0;0;0;0;0;258
259;2023-06-30 17:10:53.000258;2023-06-30 17:10:53.000258;0;0;0;0;0;0;0;0;0;0;0;0;0;0;259
260;2023-06-30 17:10:53.000259;2023-06-30 17:10:53.000259;14;5.64;5.54;0;0;0;0;0;0;0;3;0;0;0;260
261;2023-06-30 17:10:53.000260;2023-06-30 17:10:53.000260;9;5.39;5.28;0;0;0;0;0;0;0;2;0;0;0;261
262;2023-06-30 17:10:53.000261;2023-06-30 17:10:53.000261;0;0;0;0;0;0;0;0;0;0;0;0;0;0;262
263;2023-06-30 17:10:53.000262;2023-06-30 17:10:53.000262;2;5.75;5.75;0;0;0;0;0;0;0;0;0;0;0;263
264;2023-06-30 17:10:53.000263;2023-06-30 17:10:53.000263;0;0;0;0;0;0;0;0;0;0;0;0;0;0;264
265;2023-06-30 17:10:53.000264;2023-06-30 17:10:53.000264;2;6.25;6.25;0;0;0;0;0;0;0;0;0;0;0;265
266;2023-06-30 17:10:53.000265;2023-06-30 17:10:53.000265;34;6.62;7.96;12;0;0;2;2;0;10;1;0;0;0;266
267;2023-06-30 17:10:53.000266;2023-06-30 17:10:53.000266;35;6.54;7.44;10;0;0;1;1;0;6;9;0;0;0;267
268;2023-06-30 17:10:53.000267;2023-06-30 17:10:53.000267;36;6.25;7.08;9;0;0;0;0;0;8;10;0;0;0;268
269;2023-06-30 17:10:53.000268;2023-06-30 17:10:53.000268;38;6.25;7;9;0;0;0;0;0;3;3;0;0;0;269
270;2023-06-30 17:10:53.000269;2023-06-30 17:10:53.000269;26;6.37;7.15;7;0;0;0;0;0;1;3;0;0;0;270
271;2023-06-30 17:10:53.000270;2023-06-30 17:10:53.000270;32;6.3;7.03;8;0;0;0;0;0;4;9;0;0;0;271
272;2023-06-30 17:10:53.000271;2023-06-30 17:10:53.000271;34;6.34;6.93;6;0;0;2;1;1;7;4;0;0;0;272
273;2023-06-30 17:10:53.000272;2023-06-30 17:10:53.000272;32;6.16;7.09;11;0;0;3;3;0;2;6;2;0;0;273
274;2023-06-30 17:10:53.000273;2023-06-30 17:10:53.000273;34;6.31;6.97;8;0;0;3;2;1;4;5;0;0;0;274
275;2023-06-30 17:10:53.000274;2023-06-30 17:10:53.000274;33;6.36;7.14;10;0;0;4;2;2;5;7;0;0;0;275
276;2023-06-30 17:10:53.000275;2023-06-30 17:10:53.000275;35;6.26;6.86;6;0;0;0;0;0;6;6;0;0;0;276
277;2023-06-30 17:10:53.000276;2023-06-30 17:10:53.000276;34;6.22;6.82;5;0;0;0;0;0;6;1;0;0;0;277
278;2023-06-30 17:10:53.000277;2023-06-30 17:10:53.000277;37;6.3;6.72;3;0;0;0;0;0;8;3;0;0;0;278
279;2023-06-30 17:10:53.000278;2023-06-30 17:10:53.000278;34;6.26;6.69;5;0;0;1;0;1;6;7;0;0;0;279
280;2023-06-30 17:10:53.000279;2023-06-30 17:10:53.000279;35;6.21;6.89;7;0;0;0;0;0;4;1;1;0;0;280
281;2023-06-30 17:10:53.000280;2023-06-30 17:10:53.000280;36;6.26;6.79;7;0;0;0;0;0;0;4;0;0;0;281
282;2023-06-30 17:10:53.000281;2023-06-30 17:10:53.000281;33;6.18;6.83;6;0;0;0;0;0;5;3;0;0;0;282
283;2023-06-30 17:10:53.000282;2023-06-30 17:10:53.000282;28;6.23;6.84;4;0;0;0;0;0;5;0;0;0;0;283
284;2023-06-30 17:10:53.000283;2023-06-30 17:10:53.000283;31;6.24;6.85;7;0;0;0;0;0;0;4;0;0;0;284
285;2023-06-30 17:10:53.000284;2023-06-30 17:10:53.000284;35;6.19;6.81;6;0;0;0;0;0;6;4;0;0;0;285
286;2023-06-30 17:10:53.000285;2023-06-30 17:10:53.000285;30;6.25;6.82;4;0;0;0;0;0;5;0;0;0;0;286
287;2023-06-30 17:10:53.000286;2023-06-30 17:10:53.000286;33;6.36;6.74;3;0;0;1;1;0;5;3;0;0;0;287
288;2023-06-30 17:10:53.000287;2023-06-30 17:10:53.000287;34;6.15;6.69;6;0;0;1;1;0;3;5;0;0;0;288
289;2023-06-30 17:10:53.000288;2023-06-30 17:10:53.000288;36;6.18;6.71;5;0;0;0;0;0;6;4;0;0;0;289
290;2023-06-30 17:10:53.000289;2023-06-30 17:10:53.000289;36;6.25;6.6;3;0;0;0;0;0;5;3;0;0;0;290
291;2023-06-30 17:10:53.000290;2023-06-30 17:10:53.000290;32;6.05;6.59;5;0;0;0;0;0;3;1;0;0;0;291
292;2023-06-30 17:10:53.000291;2023-06-30 17:10:53.000291;26;6.15;6.58;4;0;0;0;0;0;0;2;0;0;0;292
293;2023-06-30 17:10:53.000292;2023-06-30 17:10:53.000292;28;6.25;6.71;5;0;0;0;0;0;1;4;1;0;0;293
294;2023-06-30 17:10:53.000293;2023-06-30 17:10:53.000293;35;6.14;6.57;5;0;0;3;3;0;3;6;0;0;0;294
295;2023-06-30 17:10:53.000294;2023-06-30 17:10:53.000294;33;6.2;6.48;2;0;0;0;0;0;7;7;0;0;0;295
296;2023-06-30 17:10:53.000295;2023-06-30 17:10:53.000295;36;6.11;6.6;3;0;0;0;0;0;10;3;0;0;0;296
297;2023-06-30 17:10:53.000296;2023-06-30 17:10:53.000296;26;6.19;6.56;3;0;0;0;0;0;5;9;0;0;0;297
298;2023-06-30 17:10:53.000297;2023-06-30 17:10:53.000297;22;6.07;6.7;5;0;0;1;1;0;0;3;0;0;0;298
299;2023-06-30 17:10:53.000298;2023-06-30 17:10:53.000298;21;6.12;6.6;2;0;0;0;0;0;5;2;0;0;0;299
300;2023-06-30 17:10:53.000299;2023-06-30 17:10:53.000299;38;6.26;6.34;1;0;0;0;0;0;1;2;0;0;0;300
301;2023-06-30 17:10:53.000300;2023-06-30 17:10:53.000300;23;6.13;6.59;3;0;0;0;0;0;3;3;0;0;0;301
302;2023-06-30 17:10:53.000301;2023-06-30 17:10:53.000301;25;6;6.62;5;0;0;0;0;0;2;3;0;0;0;302
303;2023-06-30 17:10:53.000302;2023-06-30 17:10:53.000302;24;6.1;6.62;4;0;0;0;0;0;1;1;0;0;0;303
304;2023-06-30 17:10:53.000303;2023-06-30 17:10:53.000303;32;5.97;6.33;4;0;0;3;2;1;5;5;0;0;0;304
305;2023-06-30 17:10:53.000304;2023-06-30 17:10:53.000304;23;6.22;6.54;3;0;0;3;2;1;2;1;0;0;0;305
306;2023-06-30 17:10:53.000305;2023-06-30 17:10:53.000305;32;5.95;6.41;5;0;0;0;0;0;1;3;0;0;0;306
307;2023-06-30 17:10:53.000306;2023-06-30 17:10:53.000306;34;6.16;6.32;2;0;0;0;0;0;2;5;0;0;0;307
308;2023-06-30 17:10:53.000307;2023-06-30 17:10:53.000307;31;6.1;6.39;3;0;0;0;0;0;2;4;0;0;0;308
309;2023-06-30 17:10:53.000308;2023-06-30 17:10:53.000308;11;6.14;6.68;2;0;0;0;0;0;0;0;0;0;0;309
310;2023-06-30 17:10:53.000309;2023-06-30 17:10:53.000309;28;6.23;6.46;2;0;0;0;0;0;3;5;0;0;0;310
311;2023-06-30 17:10:53.000310;2023-06-30 17:10:53.000310;30;6.03;6.43;4;0;0;0;0;0;2;4;0;0;0;311
312;2023-06-30 17:10:53.000311;2023-06-30 17:10:53.000311;31;6.26;6.45;3;0;0;0;0;0;2;10;0;0;0;312
313;2023-06-30 17:10:53.000312;2023-06-30 17:10:53.000312;26;6.19;6.54;2;0;0;0;0;0;3;1;0;0;0;313
314;2023-06-30 17:10:53.000313;2023-06-30 17:10:53.000313;25;6.04;6.3;1;0;0;0;0;0;4;1;0;0;0;314
315;2023-06-30 17:10:53.000314;2023-06-30 17:10:53.000314;34;6.1;6.26;3;0;0;0;0;0;0;7;0;0;0;315
316;2023-06-30 17:10:53.000315;2023-06-30 17:10:53.000315;24;6.06;6.6;4;0;0;0;0;0;3;4;0;0;0;316
317;2023-06-30 17:10:53.000316;2023-06-30 17:10:53.000316;5;6;6;0;0;0;0;0;0;0;0;0;0;0;317
318;2023-06-30 17:10:53.000317;2023-06-30 17:10:53.000317;25;6.06;6.34;2;0;0;0;0;0;3;4;0;0;0;318
319;2023-06-30 17:10:53.000318;2023-06-30 17:10:53.000318;28;6.16;6.3;2;0;0;0;0;0;1;6;0;0;0;319
320;2023-06-30 17:10:53.000319;2023-06-30 17:10:53.000319;35;6.06;6.23;3;0;0;0;0;0;3;12;0;0;0;320
321;2023-06-30 17:10:53.000320;2023-06-30 17:10:53.000320;30;5.9;6.27;4;0;0;0;0;0;1;4;0;0;0;321
322;2023-06-30 17:10:53.000321;2023-06-30 17:10:53.000321;28;6.04;6.25;2;0;0;0;0;0;4;8;0;0;0;322
323;2023-06-30 17:10:53.000322;2023-06-30 17:10:53.000322;27;6.02;6.26;3;0;0;0;0;0;1;8;0;0;0;323
324;2023-06-30 17:10:53.000323;2023-06-30 17:10:53.000323;28;5.82;5.96;2;0;0;0;0;0;0;4;0;0;0;324
325;2023-06-30 17:10:53.000324;2023-06-30 17:10:53.000324;25;5.98;6.3;3;0;0;0;0;0;0;3;0;0;0;325
326;2023-06-30 17:10:53.000325;2023-06-30 17:10:53.000325;31;6.15;6.08;0;0;0;0;0;0;2;8;0;0;0;326
327;2023-06-30 17:10:53.000326;2023-06-30 17:10:53.000326;22;6.02;6.2;2;0;0;0;0;0;0;4;0;0;0;327
328;2023-06-30 17:10:53.000327;2023-06-30 17:10:53.000327;12;6.08;6.54;2;0;0;0;0;0;1;3;0;0;0;328
329;2023-06-30 17:10:53.000328;2023-06-30 17:10:53.000328;25;6.1;6.16;1;0;0;0;0;0;2;6;1;0;0;329
330;2023-06-30 17:10:53.000329;2023-06-30 17:10:53.000329;29;5.91;6.17;2;0;0;0;0;0;2;1;0;0;0;330
331;2023-06-30 17:10:53.000330;2023-06-30 17:10:53.000330;32;5.98;6.2;2;0;0;0;0;0;4;7;0;0;0;331
332;2023-06-30 17:10:53.000331;2023-06-30 17:10:53.000331;32;5.98;6.16;2;0;0;0;0;0;1;3;0;0;0;332
333;2023-06-30 17:10:53.000332;2023-06-30 17:10:53.000332;36;5.83;6.01;2;0;0;0;0;0;1;1;0;0;0;333
334;2023-06-30 17:10:53.000333;2023-06-30 17:10:53.000333;34;5.94;6;1;0;0;0;0;0;1;4;0;0;0;334
335;2023-06-30 17:10:53.000334;2023-06-30 17:10:53.000334;35;6.1;6.03;0;0;0;0;0;0;3;9;1;0;0;335
336;2023-06-30 17:10:53.000335;2023-06-30 17:10:53.000335;27;5.74;5.74;0;0;0;0;0;0;1;2;0;0;0;336
337;2023-06-30 17:10:53.000336;2023-06-30 17:10:53.000336;32;5.86;6.19;4;0;0;0;0;0;1;5;0;0;0;337
338;2023-06-30 17:10:53.000337;2023-06-30 17:10:53.000337;8;6.19;6.62;1;0;0;0;0;0;1;1;0;0;0;338
339;2023-06-30 17:10:53.000338;2023-06-30 17:10:53.000338;30;5.95;6.05;2;0;0;0;0;0;0;6;0;0;0;339
340;2023-06-30 17:10:53.000339;2023-06-30 17:10:53.000339;37;5.91;6;1;0;0;0;0;0;2;3;0;0;0;340
341;2023-06-30 17:10:53.000340;2023-06-30 17:10:53.000340;15;6.07;6.43;2;0;0;0;0;0;0;1;0;0;0;341
342;2023-06-30 17:10:53.000341;2023-06-30 17:10:53.000341;17;6.03;6.15;1;0;0;0;0;0;0;2;0;0;0;342
343;2023-06-30 17:10:53.000342;2023-06-30 17:10:53.000342;25;6;6.2;2;0;0;0;0;0;1;5;0;0;0;343
344;2023-06-30 17:10:53.000343;2023-06-30 17:10:53.000343;36;5.99;5.89;1;0;0;1;0;1;1;7;1;0;0;344
345;2023-06-30 17:10:53.000344;2023-06-30 17:10:53.000344;35;5.89;5.91;2;0;0;0;0;0;0;10;0;0;0;345
346;2023-06-30 17:10:53.000345;2023-06-30 17:10:53.000345;37;5.95;5.89;0;0;0;0;0;0;1;6;0;0;0;346
347;2023-06-30 17:10:53.000346;2023-06-30 17:10:53.000346;23;6.02;6.26;1;0;0;0;0;0;3;1;0;0;0;347
348;2023-06-30 17:10:53.000347;2023-06-30 17:10:53.000347;31;5.97;5.92;0;0;0;0;0;0;2;3;0;1;0;348
349;2023-06-30 17:10:53.000348;2023-06-30 17:10:53.000348;34;5.93;5.88;0;0;0;0;0;0;1;5;0;0;0;349
350;2023-06-30 17:10:53.000349;2023-06-30 17:10:53.000349;24;6.04;6;1;0;0;0;0;0;1;6;2;0;0;350
351;2023-06-30 17:10:53.000350;2023-06-30 17:10:53.000350;17;5.94;6.24;2;0;0;0;0;0;0;2;0;0;0;351
352;2023-06-30 17:10:53.000351;2023-06-30 17:10:53.000351;34;5.94;5.91;1;0;0;0;0;0;0;8;0;0;0;352
353;2023-06-30 17:10:53.000352;2023-06-30 17:10:53.000352;28;5.98;5.93;0;0;0;0;0;0;1;5;0;0;0;353
354;2023-06-30 17:10:53.000353;2023-06-30 17:10:53.000353;21;5.88;5.95;1;0;0;0;0;0;0;3;0;0;0;354
355;2023-06-30 17:10:53.000354;2023-06-30 17:10:53.000354;30;5.85;5.92;1;0;0;0;0;0;3;6;1;0;0;355
356;2023-06-30 17:10:53.000355;2023-06-30 17:10:53.000355;29;5.95;5.93;1;0;0;0;0;0;0;8;0;0;0;356
357;2023-06-30 17:10:53.000356;2023-06-30 17:10:53.000356;16;5.97;6.06;0;0;0;0;0;0;2;1;0;0;0;357
358;2023-06-30 17:10:53.000357;2023-06-30 17:10:53.000357;35;5.77;5.8;2;0;0;0;0;0;0;10;0;0;0;358
359;2023-06-30 17:10:53.000358;2023-06-30 17:10:53.000358;29;5.86;5.91;1;0;0;0;0;0;0;3;0;0;0;359
360;2023-06-30 17:10:53.000359;2023-06-30 17:10:53.000359;12;5.88;6.12;1;0;0;0;0;0;1;2;0;0;0;360
361;2023-06-30 17:10:53.000360;2023-06-30 17:10:53.000360;25;5.96;6.02;0;0;0;0;0;0;2;2;0;0;0;361
362;2023-06-30 17:10:53.000361;2023-06-30 17:10:53.000361;24;5.88;5.88;0;0;0;0;0;0;1;2;0;0;0;362
363;2023-06-30 17:10:53.000362;2023-06-30 17:10:53.000362;34;5.96;5.91;1;0;0;0;0;0;1;8;0;1;0;363
364;2023-06-30 17:10:53.000363;2023-06-30 17:10:53.000363;20;5.92;5.85;0;0;0;0;0;0;0;3;0;0;0;364
365;2023-06-30 17:10:53.000364;2023-06-30 17:10:53.000364;22;5.95;5.82;0;0;0;0;0;0;1;8;0;0;0;365
366;2023-06-30 17:10:53.000365;2023-06-30 17:10:53.000365;24;5.88;5.96;1;0;0;0;0;0;0;2;0;0;0;366
367;2023-06-30 17:10:53.000366;2023-06-30 17:10:53.000366;32;5.88;5.8;1;0;0;0;0;0;1;13;0;0;0;367
368;2023-06-30 17:10:53.000367;2023-06-30 17:10:53.000367;29;5.88;5.78;0;0;0;0;0;0;0;4;1;0;0;368
369;2023-06-30 17:10:53.000368;2023-06-30 17:10:53.000368;30;5.82;5.77;0;0;0;0;0;0;1;5;0;0;0;369
370;2023-06-30 17:10:53.000369;2023-06-30 17:10:53.000369;14;5.82;5.68;0;0;0;0;0;0;0;4;0;0;0;370
371;2023-06-30 17:10:53.000370;2023-06-30 17:10:53.000370;4;6.12;6.88;1;0;0;0;0;0;0;0;0;0;0;371
372;2023-06-30 17:10:53.000371;2023-06-30 17:10:53.000371;14;5.75;5.82;1;0;0;0;0;0;0;3;1;0;0;372
373;2023-06-30 17:10:53.000372;2023-06-30 17:10:53.000372;30;5.93;5.75;0;0;0;0;0;0;0;11;0;0;0;373
374;2023-06-30 17:10:53.000373;2023-06-30 17:10:53.000373;37;5.81;5.77;0;0;0;0;0;0;0;3;0;0;0;374
375;2023-06-30 17:10:53.000374;2023-06-30 17:10:53.000374;14;5.96;6.25;2;0;0;0;0;0;0;4;0;0;0;375
376;2023-06-30 17:10:53.000375;2023-06-30 17:10:53.000375;26;5.87;5.9;1;0;0;0;0;0;0;4;0;0;0;376
377;2023-06-30 17:10:53.000376;2023-06-30 17:10:53.000376;19;5.82;5.82;0;0;0;0;0;0;0;0;0;0;0;377
378;2023-06-30 17:10:53.000377;2023-06-30 17:10:53.000377;13;6.08;6.12;0;0;0;0;0;0;1;2;0;0;0;378
379;2023-06-30 17:10:53.000378;2023-06-30 17:10:53.000378;12;6;6.25;1;0;0;0;0;0;1;2;0;0;0;379
380;2023-06-30 17:10:53.000379;2023-06-30 17:10:53.000379;12;6.17;6.42;1;0;0;0;0;0;0;1;0;0;0;380
381;2023-06-30 17:10:53.000380;2023-06-30 17:10:53.000380;20;5.78;5.78;1;0;0;0;0;0;0;6;1;0;0;381
382;2023-06-30 17:10:53.000381;2023-06-30 17:10:53.000381;17;5.82;5.79;0;0;0;0;0;0;0;1;0;0;0;382
383;2023-06-30 17:10:53.000382;2023-06-30 17:10:53.000382;21;5.9;5.9;0;0;0;0;0;0;2;4;0;0;0;383
384;2023-06-30 17:10:53.000383;2023-06-30 17:10:53.000383;10;6;6.35;1;0;0;0;0;0;1;1;0;0;0;384
385;2023-06-30 17:10:53.000384;2023-06-30 17:10:53.000384;20;5.78;5.72;0;0;0;0;0;0;0;2;0;0;0;385
386;2023-06-30 17:10:53.000385;2023-06-30 17:10:53.000385;28;6;5.84;0;0;0;0;0;0;1;11;0;0;0;386
387;2023-06-30 17:10:53.000386;2023-06-30 17:10:53.000386;21;5.81;5.76;0;0;0;0;0;0;1;5;0;0;0;387
388;2023-06-30 17:10:53.000387;2023-06-30 17:10:53.000387;14;6;6.18;1;0;0;0;0;0;0;2;0;0;0;388
389;2023-06-30 17:10:53.000388;2023-06-30 17:10:53.000388;6;6;6.67;1;0;0;0;0;0;1;0;0;0;0;389
390;2023-06-30 17:10:53.000389;2023-06-30 17:10:53.000389;2;6.25;6.75;0;0;0;0;0;0;1;0;0;0;0;390
391;2023-06-30 17:10:53.000390;2023-06-30 17:10:53.000390;15;5.9;5.8;0;0;0;0;0;0;0;4;0;0;0;391
392;2023-06-30 17:10:53.000391;2023-06-30 17:10:53.000391;34;5.6;5.53;0;0;0;0;0;0;2;7;1;0;0;392
393;2023-06-30 17:10:53.000392;2023-06-30 17:10:53.000392;32;5.58;5.72;3;0;0;0;0;0;0;9;0;0;0;393
394;2023-06-30 17:10:53.000393;2023-06-30 17:10:53.000393;18;5.89;5.97;1;0;0;0;0;0;0;5;0;0;0;394
395;2023-06-30 17:10:53.000394;2023-06-30 17:10:53.000394;11;5.73;5.91;1;0;0;0;0;0;0;2;0;0;0;395
396;2023-06-30 17:10:53.000395;2023-06-30 17:10:53.000395;23;5.83;5.67;0;0;0;0;0;0;1;9;0;0;0;396
397;2023-06-30 17:10:53.000396;2023-06-30 17:10:53.000396;11;5.68;5.64;0;0;0;0;0;0;0;1;0;0;0;397
398;2023-06-30 17:10:53.000397;2023-06-30 17:10:53.000397;14;5.89;5.96;0;0;0;0;0;0;1;0;0;0;0;398
399;2023-06-30 17:10:53.000398;2023-06-30 17:10:53.000398;33;5.7;5.64;1;0;0;0;0;0;0;8;1;0;0;399
400;2023-06-30 17:10:53.000399;2023-06-30 17:10:53.000399;7;6;5.93;0;0;0;0;0;0;0;1;0;0;0;400
401;2023-06-30 17:10:53.000400;2023-06-30 17:10:53.000400;21;5.93;5.69;0;0;0;0;0;0;0;6;0;1;0;401
402;2023-06-30 17:10:53.000401;2023-06-30 17:10:53.000401;10;5.7;5.75;0;0;0;0;0;0;1;1;0;0;0;402
403;2023-06-30 17:10:53.000402;2023-06-30 17:10:53.000402;13;5.88;5.81;0;0;0;0;0;0;0;2;0;0;0;403
404;2023-06-30 17:10:53.000403;2023-06-30 17:10:53.000403;15;5.7;5.6;0;0;0;0;0;0;0;3;0;0;0;404
405;2023-06-30 17:10:53.000404;2023-06-30 17:10:53.000404;13;5.92;5.88;0;0;0;0;0;0;0;1;0;0;0;405
406;2023-06-30 17:10:53.000405;2023-06-30 17:10:53.000405;6;5.83;5.75;0;0;0;0;0;0;0;1;0;0;0;406
407;2023-06-30 17:10:53.000406;2023-06-30 17:10:53.000406;3;6;6.33;0;0;0;0;0;0;1;0;0;0;0;407
408;2023-06-30 17:10:53.000407;2023-06-30 17:10:53.000407;13;5.92;5.77;0;0;0;0;0;0;0;4;0;0;0;408
409;2023-06-30 17:10:53.000408;2023-06-30 17:10:53.000408;10;5.95;5.8;0;0;0;0;0;0;0;3;0;0;0;409
410;2023-06-30 17:10:53.000409;2023-06-30 17:10:53.000409;9;5.61;5.5;0;0;0;0;0;0;0;2;0;0;0;410
411;2023-06-30 17:10:53.000410;2023-06-30 17:10:53.000410;13;5.62;5.46;0;0;0;0;0;0;0;3;1;0;0;411
412;2023-06-30 17:10:53.000411;2023-06-30 17:10:53.000411;7;5.71;5.71;0;0;0;0;0;0;0;1;0;0;0;412
413;2023-06-30 17:10:53.000412;2023-06-30 17:10:53.000412;1;5.5;5.5;0;0;0;0;0;0;0;0;0;0;0;413
414;2023-06-30 17:10:53.000413;2023-06-30 17:10:53.000413;15;5.8;5.73;0;0;0;0;0;0;0;2;0;0;0;414
415;2023-06-30 17:10:53.000414;2023-06-30 17:10:53.000414;13;5.92;5.85;0;0;0;0;0;0;0;2;0;0;0;415
416;2023-06-30 17:10:53.000415;2023-06-30 17:10:53.000415;18;5.78;5.81;2;0;0;2;1;1;0;5;0;0;0;416
417;2023-06-30 17:10:53.000416;2023-06-30 17:10:53.000416;4;5.75;5.62;0;0;0;0;0;0;0;1;0;0;0;417
418;2023-06-30 17:10:53.000417;2023-06-30 17:10:53.000417;6;5.83;5.75;0;0;0;0;0;0;0;1;0;0;0;418
419;2023-06-30 17:10:53.000418;2023-06-30 17:10:53.000418;7;5.79;5.71;0;0;0;0;0;0;0;1;0;0;0;419
420;2023-06-30 17:10:53.000419;2023-06-30 17:10:53.000419;5;6;6;0;0;0;0;0;0;0;0;0;0;0;420
421;2023-06-30 17:10:53.000420;2023-06-30 17:10:53.000420;3;6;5.83;0;0;0;0;0;0;0;2;0;0;0;421
422;2023-06-30 17:10:53.000421;2023-06-30 17:10:53.000421;6;6.25;6.08;0;0;0;0;0;0;0;2;0;0;0;422
423;2023-06-30 17:10:53.000422;2023-06-30 17:10:53.000422;5;5.6;5.8;0;0;0;0;0;0;1;0;0;0;0;423
424;2023-06-30 17:10:53.000423;2023-06-30 17:10:53.000423;15;5.63;5.53;0;0;0;0;0;0;0;3;0;0;0;424
425;2023-06-30 17:10:53.000424;2023-06-30 17:10:53.000424;2;5.75;5.75;0;0;0;0;0;0;0;0;0;0;0;425
426;2023-06-30 17:10:53.000425;2023-06-30 17:10:53.000425;0;0;0;0;0;0;0;0;0;0;0;0;0;0;426
427;2023-06-30 17:10:53.000426;2023-06-30 17:10:53.000426;0;0;0;0;0;0;0;0;0;0;0;0;0;0;427
428;2023-06-30 17:10:53.000427;2023-06-30 17:10:53.000427;0;0;0;0;0;0;0;0;0;0;0;0;0;0;428
429;2023-06-30 17:10:53.000428;2023-06-30 17:10:53.000428;2;6.25;7.75;1;0;0;0;0;0;0;0;0;0;0;429
430;2023-06-30 17:10:53.000429;2023-06-30 17:10:53.000429;3;6.17;6;0;0;0;0;0;0;0;1;0;0;0;430
431;2023-06-30 17:10:53.000430;2023-06-30 17:10:53.000430;4;5.25;5;0;0;0;0;0;0;0;2;0;0;0;431
432;2023-06-30 17:10:53.000431;2023-06-30 17:10:53.000431;5;5.9;5.8;0;0;0;0;0;0;0;1;0;0;0;432
433;2023-06-30 17:10:53.000432;2023-06-30 17:10:53.000432;2;5.75;5.75;0;0;0;0;0;0;0;0;0;0;0;433
434;2023-06-30 17:10:53.000433;2023-06-30 17:10:53.000433;7;5.79;5.79;0;0;0;0;0;0;0;0;0;0;0;434
435;2023-06-30 17:10:53.000434;2023-06-30 17:10:53.000434;4;5.62;5.5;0;0;0;0;0;0;0;1;0;0;0;435
436;2023-06-30 17:10:53.000435;2023-06-30 17:10:53.000435;5;5.4;5.4;0;0;0;0;0;0;0;0;0;0;0;436
437;2023-06-30 17:10:53.000436;2023-06-30 17:10:53.000436;0;0;0;0;0;0;0;0;0;0;0;0;0;0;437
438;2023-06-30 17:10:53.000437;2023-06-30 17:10:53.000437;0;0;0;0;0;0;0;0;0;0;0;0;0;0;438
439;2023-06-30 17:10:53.000438;2023-06-30 17:10:53.000438;1;6;6;0;0;0;0;0;0;0;0;0;0;0;439
440;2023-06-30 17:10:53.000439;2023-06-30 17:10:53.000439;5;6;6.2;0;0;0;0;0;0;1;0;0;0;0;440
441;2023-06-30 17:10:53.000440;2023-06-30 17:10:53.000440;0;0;0;0;0;0;0;0;0;0;0;0;0;0;441
442;2023-06-30 17:10:53.000441;2023-06-30 17:10:53.000441;0;0;0;0;0;0;0;0;0;0;0;0;0;0;442
443;2023-06-30 17:10:53.000442;2023-06-30 17:10:53.000442;2;6;5.5;0;0;0;0;0;0;0;2;0;0;0;443
444;2023-06-30 17:10:53.000443;2023-06-30 17:10:53.000443;3;5.5;5.5;0;0;0;0;0;0;0;0;0;0;0;444
445;2023-06-30 17:10:53.000444;2023-06-30 17:10:53.000444;32;6.73;9.14;26;0;0;3;2;1;4;4;0;0;0;445
446;2023-06-30 17:10:53.000445;2023-06-30 17:10:53.000445;37;6.42;8.16;21;0;0;2;1;1;6;3;0;0;0;446
447;2023-06-30 17:10:53.000446;2023-06-30 17:10:53.000446;25;6.64;8.24;12;0;0;5;5;0;6;4;0;0;0;447
448;2023-06-30 17:10:53.000447;2023-06-30 17:10:53.000447;24;6.58;8.1;12;0;0;8;7;1;7;7;0;0;0;448
449;2023-06-30 17:10:53.000448;2023-06-30 17:10:53.000448;34;6.47;7.9;15;0;0;0;0;0;7;5;1;0;0;449
450;2023-06-30 17:10:53.000449;2023-06-30 17:10:53.000449;30;6.47;7.92;13;0;0;3;3;0;6;3;0;0;0;450
451;2023-06-30 17:10:53.000450;2023-06-30 17:10:53.000450;33;6.27;7.82;16;0;0;1;1;0;5;4;0;0;0;451
452;2023-06-30 17:10:53.000451;2023-06-30 17:10:53.000451;31;6.27;7.52;12;0;0;1;1;0;4;4;0;0;0;452
453;2023-06-30 17:10:53.000452;2023-06-30 17:10:53.000452;29;6.22;7.48;12;0;0;5;4;1;5;3;0;0;0;453
454;2023-06-30 17:10:53.000453;2023-06-30 17:10:53.000453;25;6.24;7.66;10;0;0;2;2;0;6;1;0;0;0;454
455;2023-06-30 17:10:53.000454;2023-06-30 17:10:53.000454;33;6.24;7.42;13;0;0;3;3;0;4;6;1;0;0;455
456;2023-06-30 17:10:53.000455;2023-06-30 17:10:53.000455;31;6.19;7.39;13;0;0;3;3;0;2;8;0;0;0;456
457;2023-06-30 17:10:53.000456;2023-06-30 17:10:53.000456;21;6.38;7.74;10;0;0;3;3;0;1;5;0;0;0;457
458;2023-06-30 17:10:53.000457;2023-06-30 17:10:53.000457;25;6.06;7.16;10;0;0;3;2;1;1;1;0;0;0;458
459;2023-06-30 17:10:53.000458;2023-06-30 17:10:53.000458;21;6.21;7.31;8;0;0;2;2;0;1;4;0;0;0;459
460;2023-06-30 17:10:53.000459;2023-06-30 17:10:53.000459;28;6.39;7.18;7;0;0;1;1;0;6;8;1;0;0;460
461;2023-06-30 17:10:53.000460;2023-06-30 17:10:53.000460;28;6.23;7.25;9;0;0;0;0;0;3;3;0;0;0;461
462;2023-06-30 17:10:53.000461;2023-06-30 17:10:53.000461;30;6.12;7.07;9;0;0;0;0;0;2;1;0;0;0;462
463;2023-06-30 17:10:53.000462;2023-06-30 17:10:53.000462;33;6.06;6.97;10;0;0;1;1;0;1;2;0;0;0;463
464;2023-06-30 17:10:53.000463;2023-06-30 17:10:53.000463;34;6.19;6.96;8;0;0;0;0;0;3;2;0;0;0;464
465;2023-06-30 17:10:53.000464;2023-06-30 17:10:53.000464;25;6.24;6.9;6;0;0;0;0;0;1;3;1;0;0;465
466;2023-06-30 17:10:53.000465;2023-06-30 17:10:53.000465;22;6.11;7.05;8;0;0;4;3;1;0;1;0;0;0;466
467;2023-06-30 17:10:53.000466;2023-06-30 17:10:53.000466;27;6.09;6.74;7;0;0;1;0;1;1;1;1;0;0;467
468;2023-06-30 17:10:53.000467;2023-06-30 17:10:53.000467;25;6.14;6.72;4;0;0;1;1;0;4;1;1;0;0;468
469;2023-06-30 17:10:53.000468;2023-06-30 17:10:53.000468;18;6.25;6.86;2;0;0;0;0;0;5;0;0;0;0;469
470;2023-06-30 17:10:53.000469;2023-06-30 17:10:53.000469;22;6.11;6.86;6;0;0;2;2;0;0;3;0;0;0;470
471;2023-06-30 17:10:53.000470;2023-06-30 17:10:53.000470;12;6.29;7.33;4;0;0;0;0;0;1;1;0;0;0;471
472;2023-06-30 17:10:53.000471;2023-06-30 17:10:53.000471;36;6.12;6.53;4;0;0;0;0;0;3;1;0;0;0;472
473;2023-06-30 17:10:53.000472;2023-06-30 17:10:53.000472;24;5.96;6.27;2;0;0;0;0;0;2;1;0;0;0;473
474;2023-06-30 17:10:53.000473;2023-06-30 17:10:53.000473;30;5.97;6.53;6;0;0;1;1;0;0;2;0;0;0;474
475;2023-06-30 17:10:53.000474;2023-06-30 17:10:53.000474;29;6.09;6.64;5;0;0;0;0;0;2;2;0;0;0;475
476;2023-06-30 17:10:53.000475;2023-06-30 17:10:53.000475;31;6.05;6.56;4;0;0;1;1;0;5;2;0;0;0;476
477;2023-06-30 17:10:53.000476;2023-06-30 17:10:53.000476;36;6.03;6.4;5;0;0;1;1;0;2;7;0;0;0;477
478;2023-06-30 17:10:53.000477;2023-06-30 17:10:53.000477;15;6.1;6.83;4;0;0;0;0;0;0;2;0;0;0;478
479;2023-06-30 17:10:53.000478;2023-06-30 17:10:53.000478;28;6.11;6.62;4;0;0;0;0;0;5;5;0;0;0;479
480;2023-06-30 17:10:53.000479;2023-06-30 17:10:53.000479;35;5.86;6.43;7;0;0;0;0;0;2;6;0;0;0;480
481;2023-06-30 17:10:53.000480;2023-06-30 17:10:53.000480;15;6.27;7.13;4;0;0;0;0;0;2;2;0;0;0;481
482;2023-06-30 17:10:53.000481;2023-06-30 17:10:53.000481;15;6.37;7.07;2;0;0;0;0;0;5;1;0;0;0;482
483;2023-06-30 17:10:53.000482;2023-06-30 17:10:53.000482;29;5.93;6.36;3;0;0;0;0;0;5;3;0;0;0;483
484;2023-06-30 17:10:53.000483;2023-06-30 17:10:53.000483;29;6.07;6.43;3;0;0;1;1;0;3;3;0;0;0;484
485;2023-06-30 17:10:53.000484;2023-06-30 17:10:53.000484;33;5.94;6.52;7;0;0;1;1;0;0;4;0;0;0;485
486;2023-06-30 17:10:53.000485;2023-06-30 17:10:53.000485;26;6.02;6.62;6;0;0;1;0;1;2;3;0;0;0;486
487;2023-06-30 17:10:53.000486;2023-06-30 17:10:53.000486;25;6.02;6.42;3;0;0;1;1;0;3;0;2;0;0;487
488;2023-06-30 17:10:53.000487;2023-06-30 17:10:53.000487;11;5.68;5.68;0;0;0;0;0;0;0;1;0;0;0;488
489;2023-06-30 17:10:53.000488;2023-06-30 17:10:53.000488;32;5.86;6.28;4;0;0;1;1;0;4;5;0;0;0;489
490;2023-06-30 17:10:53.000489;2023-06-30 17:10:53.000489;36;5.88;6.44;6;0;0;2;2;0;3;1;0;0;0;490
491;2023-06-30 17:10:53.000490;2023-06-30 17:10:53.000490;27;5.98;6.56;6;0;0;1;0;1;2;3;0;0;0;491
492;2023-06-30 17:10:53.000491;2023-06-30 17:10:53.000491;18;6.06;6.44;2;0;0;0;0;0;2;2;0;0;0;492
493;2023-06-30 17:10:53.000492;2023-06-30 17:10:53.000492;18;5.92;6.44;3;0;0;0;0;0;1;1;0;0;0;493
494;2023-06-30 17:10:53.000493;2023-06-30 17:10:53.000493;23;5.93;6.35;3;0;0;0;0;0;1;1;0;0;0;494
495;2023-06-30 17:10:53.000494;2023-06-30 17:10:53.000494;23;5.89;6.52;6;0;0;0;0;0;0;5;1;0;0;495
496;2023-06-30 17:10:53.000495;2023-06-30 17:10:53.000495;6;6.08;6;0;0;0;0;0;0;0;1;0;0;0;496
497;2023-06-30 17:10:53.000496;2023-06-30 17:10:53.000496;26;5.94;6.37;5;0;0;2;1;1;1;4;0;0;0;497
498;2023-06-30 17:10:53.000497;2023-06-30 17:10:53.000497;32;6.05;6.17;2;0;0;0;0;0;1;6;0;0;0;498
499;2023-06-30 17:10:53.000498;2023-06-30 17:10:53.000498;18;5.86;6.39;3;0;0;0;0;0;2;4;0;0;0;499
500;2023-06-30 17:10:53.000499;2023-06-30 17:10:53.000499;22;5.93;6.32;3;0;0;1;1;0;0;1;0;0;0;500
501;2023-06-30 17:10:53.000500;2023-06-30 17:10:53.000500;34;5.93;6.1;2;0;0;0;0;0;2;5;0;0;0;501
502;2023-06-30 17:10:53.000501;2023-06-30 17:10:53.000501;11;5.95;6.55;2;0;0;0;0;0;1;3;0;0;0;502
503;2023-06-30 17:10:53.000502;2023-06-30 17:10:53.000502;23;5.89;6.22;2;0;0;0;0;0;2;1;0;0;0;503
504;2023-06-30 17:10:53.000503;2023-06-30 17:10:53.000503;21;6;6.36;2;0;0;0;0;0;2;1;0;0;0;504
505;2023-06-30 17:10:53.000504;2023-06-30 17:10:53.000504;32;5.67;6.06;5;0;0;1;1;0;0;3;1;0;0;505
506;2023-06-30 17:10:53.000505;2023-06-30 17:10:53.000505;30;5.93;6.17;1;0;0;0;0;0;6;4;0;0;0;506
507;2023-06-30 17:10:53.000506;2023-06-30 17:10:53.000506;9;5.94;6.39;1;0;0;0;0;0;2;2;0;0;0;507
508;2023-06-30 17:10:53.000507;2023-06-30 17:10:53.000507;16;5.84;6.22;2;0;0;0;0;0;0;0;0;0;0;508
509;2023-06-30 17:10:53.000508;2023-06-30 17:10:53.000508;31;5.76;6;2;0;0;0;0;0;2;1;0;0;0;509
510;2023-06-30 17:10:53.000509;2023-06-30 17:10:53.000509;26;5.87;6.08;2;0;0;0;0;0;1;4;0;0;0;510
511;2023-06-30 17:10:53.000510;2023-06-30 17:10:53.000510;24;5.98;6.06;1;0;0;0;0;0;0;3;0;0;0;511
512;2023-06-30 17:10:53.000511;2023-06-30 17:10:53.000511;17;5.85;6.15;1;0;0;0;0;0;3;2;0;0;0;512
513;2023-06-30 17:10:53.000512;2023-06-30 17:10:53.000512;25;5.74;5.96;2;0;0;0;0;0;1;3;0;0;0;513
514;2023-06-30 17:10:53.000513;2023-06-30 17:10:53.000513;21;5.74;6.05;2;0;0;0;0;0;1;1;0;0;0;514
515;2023-06-30 17:10:53.000514;2023-06-30 17:10:53.000514;7;6.07;6.64;1;0;0;0;0;0;1;0;0;0;0;515
516;2023-06-30 17:10:53.000515;2023-06-30 17:10:53.000515;14;5.89;6.11;2;0;0;0;0;0;0;2;0;1;0;516
517;2023-06-30 17:10:53.000516;2023-06-30 17:10:53.000516;7;6.14;6.57;1;0;0;0;0;0;0;0;0;0;0;517
518;2023-06-30 17:10:53.000517;2023-06-30 17:10:53.000517;23;5.96;6.04;1;0;0;1;1;0;0;3;0;0;0;518
519;2023-06-30 17:10:53.000518;2023-06-30 17:10:53.000518;13;6.04;6.73;3;0;0;0;0;0;1;2;0;0;0;519
520;2023-06-30 17:10:53.000519;2023-06-30 17:10:53.000519;22;5.8;5.75;0;0;0;1;0;1;2;0;0;0;0;520
521;2023-06-30 17:10:53.000520;2023-06-30 17:10:53.000520;18;5.97;6.14;1;0;0;0;0;0;1;2;0;0;0;521
522;2023-06-30 17:10:53.000521;2023-06-30 17:10:53.000521;11;6;6.5;2;0;0;0;0;0;1;3;0;0;0;522
523;2023-06-30 17:10:53.000522;2023-06-30 17:10:53.000522;17;5.76;5.97;1;0;0;0;0;0;1;2;0;0;0;523
524;2023-06-30 17:10:53.000523;2023-06-30 17:10:53.000523;22;5.84;6;1;0;0;0;0;0;1;1;0;0;0;524
525;2023-06-30 17:10:53.000524;2023-06-30 17:10:53.000524;10;5.95;6.35;1;0;0;0;0;0;1;1;0;0;0;525
526;2023-06-30 17:10:53.000525;2023-06-30 17:10:53.000525;24;5.77;5.9;1;0;0;0;0;0;1;2;0;0;0;526
527;2023-06-30 17:10:53.000526;2023-06-30 17:10:53.000526;15;5.9;6.17;2;0;0;0;0;0;0;4;0;0;0;527
528;2023-06-30 17:10:53.000527;2023-06-30 17:10:53.000527;9;6.06;6.06;0;0;0;0;0;0;0;0;0;0;0;528
529;2023-06-30 17:10:53.000528;2023-06-30 17:10:53.000528;4;5.75;6.5;1;0;0;1;1;0;0;0;0;0;0;529
530;2023-06-30 17:10:53.000529;2023-06-30 17:10:53.000529;20;5.62;5.52;0;0;0;0;0;0;0;4;0;0;0;530
531;2023-06-30 17:10:53.000530;2023-06-30 17:10:53.000530;15;5.73;5.73;1;0;0;1;0;1;0;0;0;0;0;531
532;2023-06-30 17:10:53.000531;2023-06-30 17:10:53.000531;10;5.7;5.9;1;0;0;0;0;0;0;3;0;0;0;532
533;2023-06-30 17:10:53.000532;2023-06-30 17:10:53.000532;13;5.85;5.81;0;0;0;0;0;0;0;1;0;0;0;533
534;2023-06-30 17:10:53.000533;2023-06-30 17:10:53.000533;6;5.67;5.58;0;0;0;0;0;0;0;1;0;0;0;534
535;2023-06-30 17:10:53.000534;2023-06-30 17:10:53.000534;4;5.62;5.5;0;0;0;0;0;0;0;1;0;0;0;535
536;2023-06-30 17:10:53.000535;2023-06-30 17:10:53.000535;6;5.58;5.5;0;0;0;0;0;0;0;1;0;0;0;536
537;2023-06-30 17:10:53.000536;2023-06-30 17:10:53.000536;0;0;0;0;0;0;0;0;0;0;0;0;0;0;537
538;2023-06-30 17:10:53.000537;2023-06-30 17:10:53.000537;6;5.83;5.83;0;0;0;0;0;0;0;4;0;0;0;538
539;2023-06-30 17:10:53.000538;2023-06-30 17:10:53.000538;0;0;0;0;0;0;0;0;0;0;0;0;0;0;539
540;2023-06-30 17:10:53.000539;2023-06-30 17:10:53.000539;1;5.5;5.5;0;0;0;0;0;0;0;0;0;0;0;540
541;2023-06-30 17:10:53.000540;2023-06-30 17:10:53.000540;3;5.83;5.83;0;0;0;0;0;0;0;0;0;0;0;541
542;2023-06-30 17:10:53.000541;2023-06-30 17:10:53.000541;5;5.7;5.6;0;0;0;0;0;0;0;1;0;0;0;542
543;2023-06-30 17:10:53.000542;2023-06-30 17:10:53.000542;0;0;0;0;0;0;0;0;0;0;0;0;0;0;543
544;2023-06-30 17:10:53.000543;2023-06-30 17:10:53.000543;1;6;6;0;0;0;0;0;0;0;0;0;0;0;544
545;2023-06-30 17:10:53.000544;2023-06-30 17:10:53.000544;1;6;6;0;0;0;0;0;0;0;0;0;0;0;545
